Copyright 1986-2022 Xilinx, Inc. All Rights Reserved. Copyright 2022-2025 Advanced Micro Devices, Inc. All Rights Reserved.
------------------------------------------------------------------------------------------------------------------------------------------------------------------------------------------------------------------------------------------------
| Tool Version : Vivado v.2025.1 (win64) Build 6140274 Thu May 22 00:12:29 MDT 2025
| Date         : Thu Jan  8 01:42:31 2026
| Host         : LAPTOP-SU9IJVLN running 64-bit major release  (build 9200)
| Command      : report_timing_summary -max_paths 10 -routable_nets -report_unconstrained -file riscv_m_unit_timing_summary_routed.rpt -pb riscv_m_unit_timing_summary_routed.pb -rpx riscv_m_unit_timing_summary_routed.rpx -warn_on_violation
| Design       : riscv_m_unit
| Device       : 7a35ti-csg324
| Speed File   : -1L  PRODUCTION 1.23 2018-06-13
| Design State : Routed
------------------------------------------------------------------------------------------------------------------------------------------------------------------------------------------------------------------------------------------------

Timing Summary Report

------------------------------------------------------------------------------------------------
| Timer Settings
| --------------
------------------------------------------------------------------------------------------------

  Enable Multi Corner Analysis               :  Yes
  Enable Pessimism Removal                   :  Yes
  Pessimism Removal Resolution               :  Nearest Common Node
  Enable Input Delay Default Clock           :  No
  Enable Preset / Clear Arcs                 :  No
  Disable Flight Delays                      :  No
  Ignore I/O Paths                           :  No
  Timing Early Launch at Borrowing Latches   :  No
  Borrow Time for Max Delay Exceptions       :  Yes
  Merge Timing Exceptions                    :  Yes
  Inter-SLR Compensation                     :  Conservative

  Corner  Analyze    Analyze    
  Name    Max Paths  Min Paths  
  ------  ---------  ---------  
  Slow    Yes        Yes        
  Fast    Yes        Yes        


------------------------------------------------------------------------------------------------
| Report Methodology
| ------------------
------------------------------------------------------------------------------------------------

Rule       Severity  Description                    Violations  
---------  --------  -----------------------------  ----------  
TIMING-18  Warning   Missing input or output delay  103         

Note: This report is based on the most recent report_methodology run and may not be up-to-date. Run report_methodology on the current design for the latest report.



check_timing report

Table of Contents
-----------------
1. checking no_clock (0)
2. checking constant_clock (0)
3. checking pulse_width_clock (0)
4. checking unconstrained_internal_endpoints (0)
5. checking no_input_delay (69)
6. checking no_output_delay (34)
7. checking multiple_clock (0)
8. checking generated_clocks (0)
9. checking loops (0)
10. checking partial_input_delay (0)
11. checking partial_output_delay (0)
12. checking latch_loops (0)

1. checking no_clock (0)
------------------------
 There are 0 register/latch pins with no clock.


2. checking constant_clock (0)
------------------------------
 There are 0 register/latch pins with constant_clock.


3. checking pulse_width_clock (0)
---------------------------------
 There are 0 register/latch pins which need pulse_width check


4. checking unconstrained_internal_endpoints (0)
------------------------------------------------
 There are 0 pins that are not constrained for maximum delay.

 There are 0 pins that are not constrained for maximum delay due to constant clock.


5. checking no_input_delay (69)
-------------------------------
 There are 69 input ports with no input delay specified. (HIGH)

 There are 0 input ports with no input delay but user has a false path constraint.


6. checking no_output_delay (34)
--------------------------------
 There are 34 ports with no output delay specified. (HIGH)

 There are 0 ports with no output delay but user has a false path constraint

 There are 0 ports with no output delay but with a timing clock defined on it or propagating through it


7. checking multiple_clock (0)
------------------------------
 There are 0 register/latch pins with multiple clocks.


8. checking generated_clocks (0)
--------------------------------
 There are 0 generated clocks that are not connected to a clock source.


9. checking loops (0)
---------------------
 There are 0 combinational loops in the design.


10. checking partial_input_delay (0)
------------------------------------
 There are 0 input ports with partial input delay specified.


11. checking partial_output_delay (0)
-------------------------------------
 There are 0 ports with partial output delay specified.


12. checking latch_loops (0)
----------------------------
 There are 0 combinational latch loops in the design through latch input



------------------------------------------------------------------------------------------------
| Design Timing Summary
| ---------------------
------------------------------------------------------------------------------------------------

    WNS(ns)      TNS(ns)  TNS Failing Endpoints  TNS Total Endpoints      WHS(ns)      THS(ns)  THS Failing Endpoints  THS Total Endpoints     WPWS(ns)     TPWS(ns)  TPWS Failing Endpoints  TPWS Total Endpoints  
    -------      -------  ---------------------  -------------------      -------      -------  ---------------------  -------------------     --------     --------  ----------------------  --------------------  
     12.299        0.000                      0                  184        0.146        0.000                      0                  184        9.500        0.000                       0                   110  


All user specified timing constraints are met.


------------------------------------------------------------------------------------------------
| Clock Summary
| -------------
------------------------------------------------------------------------------------------------

Clock        Waveform(ns)       Period(ns)      Frequency(MHz)
-----        ------------       ----------      --------------
sys_clk_pin  {0.000 10.000}     20.000          50.000          


------------------------------------------------------------------------------------------------
| Intra Clock Table
| -----------------
------------------------------------------------------------------------------------------------

Clock             WNS(ns)      TNS(ns)  TNS Failing Endpoints  TNS Total Endpoints      WHS(ns)      THS(ns)  THS Failing Endpoints  THS Total Endpoints     WPWS(ns)     TPWS(ns)  TPWS Failing Endpoints  TPWS Total Endpoints  
-----             -------      -------  ---------------------  -------------------      -------      -------  ---------------------  -------------------     --------     --------  ----------------------  --------------------  
sys_clk_pin        12.299        0.000                      0                  184        0.146        0.000                      0                  184        9.500        0.000                       0                   110  


------------------------------------------------------------------------------------------------
| Inter Clock Table
| -----------------
------------------------------------------------------------------------------------------------

From Clock    To Clock          WNS(ns)      TNS(ns)  TNS Failing Endpoints  TNS Total Endpoints      WHS(ns)      THS(ns)  THS Failing Endpoints  THS Total Endpoints  
----------    --------          -------      -------  ---------------------  -------------------      -------      -------  ---------------------  -------------------  


------------------------------------------------------------------------------------------------
| Other Path Groups Table
| -----------------------
------------------------------------------------------------------------------------------------

Path Group    From Clock    To Clock          WNS(ns)      TNS(ns)  TNS Failing Endpoints  TNS Total Endpoints      WHS(ns)      THS(ns)  THS Failing Endpoints  THS Total Endpoints  
----------    ----------    --------          -------      -------  ---------------------  -------------------      -------      -------  ---------------------  -------------------  


------------------------------------------------------------------------------------------------
| User Ignored Path Table
| -----------------------
------------------------------------------------------------------------------------------------

Path Group    From Clock    To Clock    
----------    ----------    --------    


------------------------------------------------------------------------------------------------
| Unconstrained Path Table
| ------------------------
------------------------------------------------------------------------------------------------

Path Group    From Clock    To Clock    
----------    ----------    --------    
(none)                                    
(none)        sys_clk_pin                 
(none)                      sys_clk_pin   


------------------------------------------------------------------------------------------------
| Timing Details
| --------------
------------------------------------------------------------------------------------------------


---------------------------------------------------------------------------------------------------
From Clock:  sys_clk_pin
  To Clock:  sys_clk_pin

Setup :            0  Failing Endpoints,  Worst Slack       12.299ns,  Total Violation        0.000ns
Hold  :            0  Failing Endpoints,  Worst Slack        0.146ns,  Total Violation        0.000ns
PW    :            0  Failing Endpoints,  Worst Slack        9.500ns,  Total Violation        0.000ns
---------------------------------------------------------------------------------------------------


Max Delay Paths
--------------------------------------------------------------------------------------
Slack (MET) :             12.299ns  (required time - arrival time)
  Source:                 reg_p_reg[31]/C
                            (rising edge-triggered cell FDCE clocked by sys_clk_pin  {rise@0.000ns fall@10.000ns period=20.000ns})
  Destination:            reg_p_reg[37]/D
                            (rising edge-triggered cell FDCE clocked by sys_clk_pin  {rise@0.000ns fall@10.000ns period=20.000ns})
  Path Group:             sys_clk_pin
  Path Type:              Setup (Max at Slow Process Corner)
  Requirement:            20.000ns  (sys_clk_pin rise@20.000ns - sys_clk_pin rise@0.000ns)
  Data Path Delay:        7.591ns  (logic 2.781ns (36.635%)  route 4.810ns (63.365%))
  Logic Levels:           13  (CARRY4=9 LUT4=2 LUT5=1 LUT6=1)
  Clock Path Skew:        -0.106ns (DCD - SCD + CPR)
    Destination Clock Delay (DCD):    4.231ns = ( 24.231 - 20.000 ) 
    Source Clock Delay      (SCD):    4.659ns
    Clock Pessimism Removal (CPR):    0.322ns
  Clock Uncertainty:      0.035ns  ((TSJ^2 + TIJ^2)^1/2 + DJ) / 2 + PE
    Total System Jitter     (TSJ):    0.071ns
    Total Input Jitter      (TIJ):    0.000ns
    Discrete Jitter          (DJ):    0.000ns
    Phase Error              (PE):    0.000ns

    Location             Delay type                Incr(ns)  Path(ns)    Netlist Resource(s)
  -------------------------------------------------------------------    -------------------
                         (clock sys_clk_pin rise edge)
                                                      0.000     0.000 r  
    N15                                               0.000     0.000 r  clk (IN)
                         net (fo=0)                   0.000     0.000    clk
    N15                  IBUF (Prop_ibuf_I_O)         0.962     0.962 r  clk_IBUF_inst/O
                         net (fo=1, routed)           1.972     2.933    clk_IBUF
    BUFGCTRL_X0Y0        BUFG (Prop_bufg_I_O)         0.096     3.029 r  clk_IBUF_BUFG_inst/O
                         net (fo=109, routed)         1.629     4.659    clk_IBUF_BUFG
    SLICE_X1Y32          FDCE                                         r  reg_p_reg[31]/C
  -------------------------------------------------------------------    -------------------
    SLICE_X1Y32          FDCE (Prop_fdce_C_Q)         0.456     5.115 r  reg_p_reg[31]/Q
                         net (fo=8, routed)           1.546     6.661    reg_p_reg_n_0_[31]
    SLICE_X6Y32          LUT4 (Prop_lut4_I1_O)        0.124     6.785 r  reg_p[35]_i_18/O
                         net (fo=1, routed)           0.000     6.785    reg_p[35]_i_18_n_0
    SLICE_X6Y32          CARRY4 (Prop_carry4_S[0]_CO[3])
                                                      0.513     7.298 r  reg_p_reg[35]_i_10/CO[3]
                         net (fo=1, routed)           0.000     7.298    reg_p_reg[35]_i_10_n_0
    SLICE_X6Y33          CARRY4 (Prop_carry4_CI_CO[3])
                                                      0.117     7.415 r  reg_p_reg[39]_i_11/CO[3]
                         net (fo=1, routed)           0.000     7.415    reg_p_reg[39]_i_11_n_0
    SLICE_X6Y34          CARRY4 (Prop_carry4_CI_CO[3])
                                                      0.117     7.532 r  reg_p_reg[43]_i_11/CO[3]
                         net (fo=1, routed)           0.000     7.532    reg_p_reg[43]_i_11_n_0
    SLICE_X6Y35          CARRY4 (Prop_carry4_CI_CO[3])
                                                      0.117     7.649 r  reg_p_reg[47]_i_11/CO[3]
                         net (fo=1, routed)           0.000     7.649    reg_p_reg[47]_i_11_n_0
    SLICE_X6Y36          CARRY4 (Prop_carry4_CI_CO[3])
                                                      0.117     7.766 r  reg_p_reg[51]_i_11/CO[3]
                         net (fo=1, routed)           0.000     7.766    reg_p_reg[51]_i_11_n_0
    SLICE_X6Y37          CARRY4 (Prop_carry4_CI_CO[3])
                                                      0.117     7.883 r  reg_p_reg[55]_i_11/CO[3]
                         net (fo=1, routed)           0.000     7.883    reg_p_reg[55]_i_11_n_0
    SLICE_X6Y38          CARRY4 (Prop_carry4_CI_CO[3])
                                                      0.117     8.000 r  reg_p_reg[63]_i_20/CO[3]
                         net (fo=1, routed)           0.000     8.000    reg_p_reg[63]_i_20_n_0
    SLICE_X6Y39          CARRY4 (Prop_carry4_CI_CO[3])
                                                      0.117     8.117 r  reg_p_reg[63]_i_11/CO[3]
                         net (fo=1, routed)           0.000     8.117    reg_p_reg[63]_i_11_n_0
    SLICE_X6Y40          CARRY4 (Prop_carry4_CI_CO[0])
                                                      0.254     8.371 r  reg_p_reg[63]_i_10/CO[0]
                         net (fo=33, routed)          2.397    10.768    reg_p_reg[63]_i_10_n_3
    SLICE_X10Y33         LUT5 (Prop_lut5_I1_O)        0.367    11.135 r  reg_p[37]_i_5/O
                         net (fo=1, routed)           0.452    11.587    reg_p[37]_i_5_n_0
    SLICE_X10Y33         LUT6 (Prop_lut6_I4_O)        0.124    11.711 r  reg_p[37]_i_3/O
                         net (fo=1, routed)           0.415    12.126    reg_p[37]_i_3_n_0
    SLICE_X9Y33          LUT4 (Prop_lut4_I1_O)        0.124    12.250 r  reg_p[37]_i_1/O
                         net (fo=1, routed)           0.000    12.250    reg_p[37]_i_1_n_0
    SLICE_X9Y33          FDCE                                         r  reg_p_reg[37]/D
  -------------------------------------------------------------------    -------------------

                         (clock sys_clk_pin rise edge)
                                                     20.000    20.000 r  
    N15                                               0.000    20.000 r  clk (IN)
                         net (fo=0)                   0.000    20.000    clk
    N15                  IBUF (Prop_ibuf_I_O)         0.828    20.828 r  clk_IBUF_inst/O
                         net (fo=1, routed)           1.868    22.696    clk_IBUF
    BUFGCTRL_X0Y0        BUFG (Prop_bufg_I_O)         0.091    22.787 r  clk_IBUF_BUFG_inst/O
                         net (fo=109, routed)         1.443    24.231    clk_IBUF_BUFG
    SLICE_X9Y33          FDCE                                         r  reg_p_reg[37]/C
                         clock pessimism              0.322    24.553    
                         clock uncertainty           -0.035    24.517    
    SLICE_X9Y33          FDCE (Setup_fdce_C_D)        0.031    24.548    reg_p_reg[37]
  -------------------------------------------------------------------
                         required time                         24.548    
                         arrival time                         -12.250    
  -------------------------------------------------------------------
                         slack                                 12.299    

Slack (MET) :             12.393ns  (required time - arrival time)
  Source:                 reg_p_reg[31]/C
                            (rising edge-triggered cell FDCE clocked by sys_clk_pin  {rise@0.000ns fall@10.000ns period=20.000ns})
  Destination:            reg_p_reg[32]/D
                            (rising edge-triggered cell FDCE clocked by sys_clk_pin  {rise@0.000ns fall@10.000ns period=20.000ns})
  Path Group:             sys_clk_pin
  Path Type:              Setup (Max at Slow Process Corner)
  Requirement:            20.000ns  (sys_clk_pin rise@20.000ns - sys_clk_pin rise@0.000ns)
  Data Path Delay:        7.493ns  (logic 2.781ns (37.113%)  route 4.712ns (62.887%))
  Logic Levels:           13  (CARRY4=9 LUT4=2 LUT5=1 LUT6=1)
  Clock Path Skew:        -0.107ns (DCD - SCD + CPR)
    Destination Clock Delay (DCD):    4.230ns = ( 24.230 - 20.000 ) 
    Source Clock Delay      (SCD):    4.659ns
    Clock Pessimism Removal (CPR):    0.322ns
  Clock Uncertainty:      0.035ns  ((TSJ^2 + TIJ^2)^1/2 + DJ) / 2 + PE
    Total System Jitter     (TSJ):    0.071ns
    Total Input Jitter      (TIJ):    0.000ns
    Discrete Jitter          (DJ):    0.000ns
    Phase Error              (PE):    0.000ns

    Location             Delay type                Incr(ns)  Path(ns)    Netlist Resource(s)
  -------------------------------------------------------------------    -------------------
                         (clock sys_clk_pin rise edge)
                                                      0.000     0.000 r  
    N15                                               0.000     0.000 r  clk (IN)
                         net (fo=0)                   0.000     0.000    clk
    N15                  IBUF (Prop_ibuf_I_O)         0.962     0.962 r  clk_IBUF_inst/O
                         net (fo=1, routed)           1.972     2.933    clk_IBUF
    BUFGCTRL_X0Y0        BUFG (Prop_bufg_I_O)         0.096     3.029 r  clk_IBUF_BUFG_inst/O
                         net (fo=109, routed)         1.629     4.659    clk_IBUF_BUFG
    SLICE_X1Y32          FDCE                                         r  reg_p_reg[31]/C
  -------------------------------------------------------------------    -------------------
    SLICE_X1Y32          FDCE (Prop_fdce_C_Q)         0.456     5.115 r  reg_p_reg[31]/Q
                         net (fo=8, routed)           1.546     6.661    reg_p_reg_n_0_[31]
    SLICE_X6Y32          LUT4 (Prop_lut4_I1_O)        0.124     6.785 r  reg_p[35]_i_18/O
                         net (fo=1, routed)           0.000     6.785    reg_p[35]_i_18_n_0
    SLICE_X6Y32          CARRY4 (Prop_carry4_S[0]_CO[3])
                                                      0.513     7.298 r  reg_p_reg[35]_i_10/CO[3]
                         net (fo=1, routed)           0.000     7.298    reg_p_reg[35]_i_10_n_0
    SLICE_X6Y33          CARRY4 (Prop_carry4_CI_CO[3])
                                                      0.117     7.415 r  reg_p_reg[39]_i_11/CO[3]
                         net (fo=1, routed)           0.000     7.415    reg_p_reg[39]_i_11_n_0
    SLICE_X6Y34          CARRY4 (Prop_carry4_CI_CO[3])
                                                      0.117     7.532 r  reg_p_reg[43]_i_11/CO[3]
                         net (fo=1, routed)           0.000     7.532    reg_p_reg[43]_i_11_n_0
    SLICE_X6Y35          CARRY4 (Prop_carry4_CI_CO[3])
                                                      0.117     7.649 r  reg_p_reg[47]_i_11/CO[3]
                         net (fo=1, routed)           0.000     7.649    reg_p_reg[47]_i_11_n_0
    SLICE_X6Y36          CARRY4 (Prop_carry4_CI_CO[3])
                                                      0.117     7.766 r  reg_p_reg[51]_i_11/CO[3]
                         net (fo=1, routed)           0.000     7.766    reg_p_reg[51]_i_11_n_0
    SLICE_X6Y37          CARRY4 (Prop_carry4_CI_CO[3])
                                                      0.117     7.883 r  reg_p_reg[55]_i_11/CO[3]
                         net (fo=1, routed)           0.000     7.883    reg_p_reg[55]_i_11_n_0
    SLICE_X6Y38          CARRY4 (Prop_carry4_CI_CO[3])
                                                      0.117     8.000 r  reg_p_reg[63]_i_20/CO[3]
                         net (fo=1, routed)           0.000     8.000    reg_p_reg[63]_i_20_n_0
    SLICE_X6Y39          CARRY4 (Prop_carry4_CI_CO[3])
                                                      0.117     8.117 r  reg_p_reg[63]_i_11/CO[3]
                         net (fo=1, routed)           0.000     8.117    reg_p_reg[63]_i_11_n_0
    SLICE_X6Y40          CARRY4 (Prop_carry4_CI_CO[0])
                                                      0.254     8.371 r  reg_p_reg[63]_i_10/CO[0]
                         net (fo=33, routed)          2.113    10.484    reg_p_reg[63]_i_10_n_3
    SLICE_X8Y32          LUT5 (Prop_lut5_I1_O)        0.367    10.851 r  reg_p[32]_i_6/O
                         net (fo=1, routed)           0.620    11.471    reg_p[32]_i_6_n_0
    SLICE_X9Y32          LUT6 (Prop_lut6_I4_O)        0.124    11.595 r  reg_p[32]_i_3/O
                         net (fo=1, routed)           0.433    12.028    reg_p[32]_i_3_n_0
    SLICE_X9Y32          LUT4 (Prop_lut4_I1_O)        0.124    12.152 r  reg_p[32]_i_1/O
                         net (fo=1, routed)           0.000    12.152    reg_p[32]_i_1_n_0
    SLICE_X9Y32          FDCE                                         r  reg_p_reg[32]/D
  -------------------------------------------------------------------    -------------------

                         (clock sys_clk_pin rise edge)
                                                     20.000    20.000 r  
    N15                                               0.000    20.000 r  clk (IN)
                         net (fo=0)                   0.000    20.000    clk
    N15                  IBUF (Prop_ibuf_I_O)         0.828    20.828 r  clk_IBUF_inst/O
                         net (fo=1, routed)           1.868    22.696    clk_IBUF
    BUFGCTRL_X0Y0        BUFG (Prop_bufg_I_O)         0.091    22.787 r  clk_IBUF_BUFG_inst/O
                         net (fo=109, routed)         1.442    24.230    clk_IBUF_BUFG
    SLICE_X9Y32          FDCE                                         r  reg_p_reg[32]/C
                         clock pessimism              0.322    24.552    
                         clock uncertainty           -0.035    24.516    
    SLICE_X9Y32          FDCE (Setup_fdce_C_D)        0.029    24.545    reg_p_reg[32]
  -------------------------------------------------------------------
                         required time                         24.545    
                         arrival time                         -12.152    
  -------------------------------------------------------------------
                         slack                                 12.393    

Slack (MET) :             12.461ns  (required time - arrival time)
  Source:                 reg_p_reg[31]/C
                            (rising edge-triggered cell FDCE clocked by sys_clk_pin  {rise@0.000ns fall@10.000ns period=20.000ns})
  Destination:            reg_p_reg[33]/D
                            (rising edge-triggered cell FDCE clocked by sys_clk_pin  {rise@0.000ns fall@10.000ns period=20.000ns})
  Path Group:             sys_clk_pin
  Path Type:              Setup (Max at Slow Process Corner)
  Requirement:            20.000ns  (sys_clk_pin rise@20.000ns - sys_clk_pin rise@0.000ns)
  Data Path Delay:        7.423ns  (logic 2.781ns (37.463%)  route 4.642ns (62.537%))
  Logic Levels:           13  (CARRY4=9 LUT4=2 LUT5=1 LUT6=1)
  Clock Path Skew:        -0.109ns (DCD - SCD + CPR)
    Destination Clock Delay (DCD):    4.228ns = ( 24.228 - 20.000 ) 
    Source Clock Delay      (SCD):    4.659ns
    Clock Pessimism Removal (CPR):    0.322ns
  Clock Uncertainty:      0.035ns  ((TSJ^2 + TIJ^2)^1/2 + DJ) / 2 + PE
    Total System Jitter     (TSJ):    0.071ns
    Total Input Jitter      (TIJ):    0.000ns
    Discrete Jitter          (DJ):    0.000ns
    Phase Error              (PE):    0.000ns

    Location             Delay type                Incr(ns)  Path(ns)    Netlist Resource(s)
  -------------------------------------------------------------------    -------------------
                         (clock sys_clk_pin rise edge)
                                                      0.000     0.000 r  
    N15                                               0.000     0.000 r  clk (IN)
                         net (fo=0)                   0.000     0.000    clk
    N15                  IBUF (Prop_ibuf_I_O)         0.962     0.962 r  clk_IBUF_inst/O
                         net (fo=1, routed)           1.972     2.933    clk_IBUF
    BUFGCTRL_X0Y0        BUFG (Prop_bufg_I_O)         0.096     3.029 r  clk_IBUF_BUFG_inst/O
                         net (fo=109, routed)         1.629     4.659    clk_IBUF_BUFG
    SLICE_X1Y32          FDCE                                         r  reg_p_reg[31]/C
  -------------------------------------------------------------------    -------------------
    SLICE_X1Y32          FDCE (Prop_fdce_C_Q)         0.456     5.115 r  reg_p_reg[31]/Q
                         net (fo=8, routed)           1.546     6.661    reg_p_reg_n_0_[31]
    SLICE_X6Y32          LUT4 (Prop_lut4_I1_O)        0.124     6.785 r  reg_p[35]_i_18/O
                         net (fo=1, routed)           0.000     6.785    reg_p[35]_i_18_n_0
    SLICE_X6Y32          CARRY4 (Prop_carry4_S[0]_CO[3])
                                                      0.513     7.298 r  reg_p_reg[35]_i_10/CO[3]
                         net (fo=1, routed)           0.000     7.298    reg_p_reg[35]_i_10_n_0
    SLICE_X6Y33          CARRY4 (Prop_carry4_CI_CO[3])
                                                      0.117     7.415 r  reg_p_reg[39]_i_11/CO[3]
                         net (fo=1, routed)           0.000     7.415    reg_p_reg[39]_i_11_n_0
    SLICE_X6Y34          CARRY4 (Prop_carry4_CI_CO[3])
                                                      0.117     7.532 r  reg_p_reg[43]_i_11/CO[3]
                         net (fo=1, routed)           0.000     7.532    reg_p_reg[43]_i_11_n_0
    SLICE_X6Y35          CARRY4 (Prop_carry4_CI_CO[3])
                                                      0.117     7.649 r  reg_p_reg[47]_i_11/CO[3]
                         net (fo=1, routed)           0.000     7.649    reg_p_reg[47]_i_11_n_0
    SLICE_X6Y36          CARRY4 (Prop_carry4_CI_CO[3])
                                                      0.117     7.766 r  reg_p_reg[51]_i_11/CO[3]
                         net (fo=1, routed)           0.000     7.766    reg_p_reg[51]_i_11_n_0
    SLICE_X6Y37          CARRY4 (Prop_carry4_CI_CO[3])
                                                      0.117     7.883 r  reg_p_reg[55]_i_11/CO[3]
                         net (fo=1, routed)           0.000     7.883    reg_p_reg[55]_i_11_n_0
    SLICE_X6Y38          CARRY4 (Prop_carry4_CI_CO[3])
                                                      0.117     8.000 r  reg_p_reg[63]_i_20/CO[3]
                         net (fo=1, routed)           0.000     8.000    reg_p_reg[63]_i_20_n_0
    SLICE_X6Y39          CARRY4 (Prop_carry4_CI_CO[3])
                                                      0.117     8.117 r  reg_p_reg[63]_i_11/CO[3]
                         net (fo=1, routed)           0.000     8.117    reg_p_reg[63]_i_11_n_0
    SLICE_X6Y40          CARRY4 (Prop_carry4_CI_CO[0])
                                                      0.254     8.371 r  reg_p_reg[63]_i_10/CO[0]
                         net (fo=33, routed)          2.122    10.493    reg_p_reg[63]_i_10_n_3
    SLICE_X8Y32          LUT5 (Prop_lut5_I1_O)        0.367    10.860 r  reg_p[33]_i_5/O
                         net (fo=1, routed)           0.670    11.530    reg_p[33]_i_5_n_0
    SLICE_X8Y32          LUT6 (Prop_lut6_I4_O)        0.124    11.654 r  reg_p[33]_i_3/O
                         net (fo=1, routed)           0.304    11.958    reg_p[33]_i_3_n_0
    SLICE_X9Y31          LUT4 (Prop_lut4_I1_O)        0.124    12.082 r  reg_p[33]_i_1/O
                         net (fo=1, routed)           0.000    12.082    reg_p[33]_i_1_n_0
    SLICE_X9Y31          FDCE                                         r  reg_p_reg[33]/D
  -------------------------------------------------------------------    -------------------

                         (clock sys_clk_pin rise edge)
                                                     20.000    20.000 r  
    N15                                               0.000    20.000 r  clk (IN)
                         net (fo=0)                   0.000    20.000    clk
    N15                  IBUF (Prop_ibuf_I_O)         0.828    20.828 r  clk_IBUF_inst/O
                         net (fo=1, routed)           1.868    22.696    clk_IBUF
    BUFGCTRL_X0Y0        BUFG (Prop_bufg_I_O)         0.091    22.787 r  clk_IBUF_BUFG_inst/O
                         net (fo=109, routed)         1.440    24.228    clk_IBUF_BUFG
    SLICE_X9Y31          FDCE                                         r  reg_p_reg[33]/C
                         clock pessimism              0.322    24.550    
                         clock uncertainty           -0.035    24.514    
    SLICE_X9Y31          FDCE (Setup_fdce_C_D)        0.029    24.543    reg_p_reg[33]
  -------------------------------------------------------------------
                         required time                         24.543    
                         arrival time                         -12.082    
  -------------------------------------------------------------------
                         slack                                 12.461    

Slack (MET) :             12.562ns  (required time - arrival time)
  Source:                 reg_p_reg[31]/C
                            (rising edge-triggered cell FDCE clocked by sys_clk_pin  {rise@0.000ns fall@10.000ns period=20.000ns})
  Destination:            reg_p_reg[40]/D
                            (rising edge-triggered cell FDCE clocked by sys_clk_pin  {rise@0.000ns fall@10.000ns period=20.000ns})
  Path Group:             sys_clk_pin
  Path Type:              Setup (Max at Slow Process Corner)
  Requirement:            20.000ns  (sys_clk_pin rise@20.000ns - sys_clk_pin rise@0.000ns)
  Data Path Delay:        7.376ns  (logic 2.802ns (37.988%)  route 4.574ns (62.011%))
  Logic Levels:           13  (CARRY4=9 LUT4=2 LUT5=1 LUT6=1)
  Clock Path Skew:        -0.104ns (DCD - SCD + CPR)
    Destination Clock Delay (DCD):    4.233ns = ( 24.233 - 20.000 ) 
    Source Clock Delay      (SCD):    4.659ns
    Clock Pessimism Removal (CPR):    0.322ns
  Clock Uncertainty:      0.035ns  ((TSJ^2 + TIJ^2)^1/2 + DJ) / 2 + PE
    Total System Jitter     (TSJ):    0.071ns
    Total Input Jitter      (TIJ):    0.000ns
    Discrete Jitter          (DJ):    0.000ns
    Phase Error              (PE):    0.000ns

    Location             Delay type                Incr(ns)  Path(ns)    Netlist Resource(s)
  -------------------------------------------------------------------    -------------------
                         (clock sys_clk_pin rise edge)
                                                      0.000     0.000 r  
    N15                                               0.000     0.000 r  clk (IN)
                         net (fo=0)                   0.000     0.000    clk
    N15                  IBUF (Prop_ibuf_I_O)         0.962     0.962 r  clk_IBUF_inst/O
                         net (fo=1, routed)           1.972     2.933    clk_IBUF
    BUFGCTRL_X0Y0        BUFG (Prop_bufg_I_O)         0.096     3.029 r  clk_IBUF_BUFG_inst/O
                         net (fo=109, routed)         1.629     4.659    clk_IBUF_BUFG
    SLICE_X1Y32          FDCE                                         r  reg_p_reg[31]/C
  -------------------------------------------------------------------    -------------------
    SLICE_X1Y32          FDCE (Prop_fdce_C_Q)         0.456     5.115 r  reg_p_reg[31]/Q
                         net (fo=8, routed)           1.541     6.656    reg_p_reg_n_0_[31]
    SLICE_X7Y32          LUT4 (Prop_lut4_I2_O)        0.124     6.780 r  reg_p[34]_i_10/O
                         net (fo=1, routed)           0.000     6.780    reg_p[34]_i_10_n_0
    SLICE_X7Y32          CARRY4 (Prop_carry4_S[0]_CO[3])
                                                      0.532     7.312 r  reg_p_reg[34]_i_5/CO[3]
                         net (fo=1, routed)           0.000     7.312    reg_p_reg[34]_i_5_n_0
    SLICE_X7Y33          CARRY4 (Prop_carry4_CI_CO[3])
                                                      0.114     7.426 r  reg_p_reg[38]_i_5/CO[3]
                         net (fo=1, routed)           0.000     7.426    reg_p_reg[38]_i_5_n_0
    SLICE_X7Y34          CARRY4 (Prop_carry4_CI_CO[3])
                                                      0.114     7.540 r  reg_p_reg[42]_i_5/CO[3]
                         net (fo=1, routed)           0.000     7.540    reg_p_reg[42]_i_5_n_0
    SLICE_X7Y35          CARRY4 (Prop_carry4_CI_CO[3])
                                                      0.114     7.654 r  reg_p_reg[46]_i_5/CO[3]
                         net (fo=1, routed)           0.000     7.654    reg_p_reg[46]_i_5_n_0
    SLICE_X7Y36          CARRY4 (Prop_carry4_CI_CO[3])
                                                      0.114     7.768 r  reg_p_reg[50]_i_5/CO[3]
                         net (fo=1, routed)           0.000     7.768    reg_p_reg[50]_i_5_n_0
    SLICE_X7Y37          CARRY4 (Prop_carry4_CI_CO[3])
                                                      0.114     7.882 r  reg_p_reg[54]_i_5/CO[3]
                         net (fo=1, routed)           0.000     7.882    reg_p_reg[54]_i_5_n_0
    SLICE_X7Y38          CARRY4 (Prop_carry4_CI_CO[3])
                                                      0.114     7.996 r  reg_p_reg[58]_i_5/CO[3]
                         net (fo=1, routed)           0.000     7.996    reg_p_reg[58]_i_5_n_0
    SLICE_X7Y39          CARRY4 (Prop_carry4_CI_CO[3])
                                                      0.114     8.110 r  reg_p_reg[62]_i_5/CO[3]
                         net (fo=1, routed)           0.000     8.110    reg_p_reg[62]_i_5_n_0
    SLICE_X7Y40          CARRY4 (Prop_carry4_CI_CO[0])
                                                      0.271     8.381 r  reg_p_reg[63]_i_12/CO[0]
                         net (fo=32, routed)          2.274    10.655    adder_out0[32]
    SLICE_X9Y34          LUT5 (Prop_lut5_I3_O)        0.373    11.028 r  reg_p[40]_i_6/O
                         net (fo=1, routed)           0.307    11.335    reg_p[40]_i_6_n_0
    SLICE_X10Y34         LUT6 (Prop_lut6_I4_O)        0.124    11.459 r  reg_p[40]_i_3/O
                         net (fo=1, routed)           0.452    11.911    reg_p[40]_i_3_n_0
    SLICE_X10Y34         LUT4 (Prop_lut4_I1_O)        0.124    12.035 r  reg_p[40]_i_1/O
                         net (fo=1, routed)           0.000    12.035    reg_p[40]_i_1_n_0
    SLICE_X10Y34         FDCE                                         r  reg_p_reg[40]/D
  -------------------------------------------------------------------    -------------------

                         (clock sys_clk_pin rise edge)
                                                     20.000    20.000 r  
    N15                                               0.000    20.000 r  clk (IN)
                         net (fo=0)                   0.000    20.000    clk
    N15                  IBUF (Prop_ibuf_I_O)         0.828    20.828 r  clk_IBUF_inst/O
                         net (fo=1, routed)           1.868    22.696    clk_IBUF
    BUFGCTRL_X0Y0        BUFG (Prop_bufg_I_O)         0.091    22.787 r  clk_IBUF_BUFG_inst/O
                         net (fo=109, routed)         1.445    24.233    clk_IBUF_BUFG
    SLICE_X10Y34         FDCE                                         r  reg_p_reg[40]/C
                         clock pessimism              0.322    24.555    
                         clock uncertainty           -0.035    24.519    
    SLICE_X10Y34         FDCE (Setup_fdce_C_D)        0.077    24.596    reg_p_reg[40]
  -------------------------------------------------------------------
                         required time                         24.596    
                         arrival time                         -12.035    
  -------------------------------------------------------------------
                         slack                                 12.562    

Slack (MET) :             12.611ns  (required time - arrival time)
  Source:                 reg_p_reg[31]/C
                            (rising edge-triggered cell FDCE clocked by sys_clk_pin  {rise@0.000ns fall@10.000ns period=20.000ns})
  Destination:            reg_p_reg[34]/D
                            (rising edge-triggered cell FDCE clocked by sys_clk_pin  {rise@0.000ns fall@10.000ns period=20.000ns})
  Path Group:             sys_clk_pin
  Path Type:              Setup (Max at Slow Process Corner)
  Requirement:            20.000ns  (sys_clk_pin rise@20.000ns - sys_clk_pin rise@0.000ns)
  Data Path Delay:        7.324ns  (logic 2.802ns (38.256%)  route 4.522ns (61.744%))
  Logic Levels:           13  (CARRY4=9 LUT4=2 LUT5=1 LUT6=1)
  Clock Path Skew:        -0.106ns (DCD - SCD + CPR)
    Destination Clock Delay (DCD):    4.231ns = ( 24.231 - 20.000 ) 
    Source Clock Delay      (SCD):    4.659ns
    Clock Pessimism Removal (CPR):    0.322ns
  Clock Uncertainty:      0.035ns  ((TSJ^2 + TIJ^2)^1/2 + DJ) / 2 + PE
    Total System Jitter     (TSJ):    0.071ns
    Total Input Jitter      (TIJ):    0.000ns
    Discrete Jitter          (DJ):    0.000ns
    Phase Error              (PE):    0.000ns

    Location             Delay type                Incr(ns)  Path(ns)    Netlist Resource(s)
  -------------------------------------------------------------------    -------------------
                         (clock sys_clk_pin rise edge)
                                                      0.000     0.000 r  
    N15                                               0.000     0.000 r  clk (IN)
                         net (fo=0)                   0.000     0.000    clk
    N15                  IBUF (Prop_ibuf_I_O)         0.962     0.962 r  clk_IBUF_inst/O
                         net (fo=1, routed)           1.972     2.933    clk_IBUF
    BUFGCTRL_X0Y0        BUFG (Prop_bufg_I_O)         0.096     3.029 r  clk_IBUF_BUFG_inst/O
                         net (fo=109, routed)         1.629     4.659    clk_IBUF_BUFG
    SLICE_X1Y32          FDCE                                         r  reg_p_reg[31]/C
  -------------------------------------------------------------------    -------------------
    SLICE_X1Y32          FDCE (Prop_fdce_C_Q)         0.456     5.115 r  reg_p_reg[31]/Q
                         net (fo=8, routed)           1.541     6.656    reg_p_reg_n_0_[31]
    SLICE_X7Y32          LUT4 (Prop_lut4_I2_O)        0.124     6.780 r  reg_p[34]_i_10/O
                         net (fo=1, routed)           0.000     6.780    reg_p[34]_i_10_n_0
    SLICE_X7Y32          CARRY4 (Prop_carry4_S[0]_CO[3])
                                                      0.532     7.312 r  reg_p_reg[34]_i_5/CO[3]
                         net (fo=1, routed)           0.000     7.312    reg_p_reg[34]_i_5_n_0
    SLICE_X7Y33          CARRY4 (Prop_carry4_CI_CO[3])
                                                      0.114     7.426 r  reg_p_reg[38]_i_5/CO[3]
                         net (fo=1, routed)           0.000     7.426    reg_p_reg[38]_i_5_n_0
    SLICE_X7Y34          CARRY4 (Prop_carry4_CI_CO[3])
                                                      0.114     7.540 r  reg_p_reg[42]_i_5/CO[3]
                         net (fo=1, routed)           0.000     7.540    reg_p_reg[42]_i_5_n_0
    SLICE_X7Y35          CARRY4 (Prop_carry4_CI_CO[3])
                                                      0.114     7.654 r  reg_p_reg[46]_i_5/CO[3]
                         net (fo=1, routed)           0.000     7.654    reg_p_reg[46]_i_5_n_0
    SLICE_X7Y36          CARRY4 (Prop_carry4_CI_CO[3])
                                                      0.114     7.768 r  reg_p_reg[50]_i_5/CO[3]
                         net (fo=1, routed)           0.000     7.768    reg_p_reg[50]_i_5_n_0
    SLICE_X7Y37          CARRY4 (Prop_carry4_CI_CO[3])
                                                      0.114     7.882 r  reg_p_reg[54]_i_5/CO[3]
                         net (fo=1, routed)           0.000     7.882    reg_p_reg[54]_i_5_n_0
    SLICE_X7Y38          CARRY4 (Prop_carry4_CI_CO[3])
                                                      0.114     7.996 r  reg_p_reg[58]_i_5/CO[3]
                         net (fo=1, routed)           0.000     7.996    reg_p_reg[58]_i_5_n_0
    SLICE_X7Y39          CARRY4 (Prop_carry4_CI_CO[3])
                                                      0.114     8.110 r  reg_p_reg[62]_i_5/CO[3]
                         net (fo=1, routed)           0.000     8.110    reg_p_reg[62]_i_5_n_0
    SLICE_X7Y40          CARRY4 (Prop_carry4_CI_CO[0])
                                                      0.271     8.381 r  reg_p_reg[63]_i_12/CO[0]
                         net (fo=32, routed)          2.120    10.501    adder_out0[32]
    SLICE_X9Y32          LUT5 (Prop_lut5_I3_O)        0.373    10.874 r  reg_p[34]_i_6/O
                         net (fo=1, routed)           0.263    11.137    reg_p[34]_i_6_n_0
    SLICE_X9Y32          LUT6 (Prop_lut6_I4_O)        0.124    11.261 r  reg_p[34]_i_3/O
                         net (fo=1, routed)           0.598    11.859    reg_p[34]_i_3_n_0
    SLICE_X10Y32         LUT4 (Prop_lut4_I1_O)        0.124    11.983 r  reg_p[34]_i_1/O
                         net (fo=1, routed)           0.000    11.983    reg_p[34]_i_1_n_0
    SLICE_X10Y32         FDCE                                         r  reg_p_reg[34]/D
  -------------------------------------------------------------------    -------------------

                         (clock sys_clk_pin rise edge)
                                                     20.000    20.000 r  
    N15                                               0.000    20.000 r  clk (IN)
                         net (fo=0)                   0.000    20.000    clk
    N15                  IBUF (Prop_ibuf_I_O)         0.828    20.828 r  clk_IBUF_inst/O
                         net (fo=1, routed)           1.868    22.696    clk_IBUF
    BUFGCTRL_X0Y0        BUFG (Prop_bufg_I_O)         0.091    22.787 r  clk_IBUF_BUFG_inst/O
                         net (fo=109, routed)         1.443    24.231    clk_IBUF_BUFG
    SLICE_X10Y32         FDCE                                         r  reg_p_reg[34]/C
                         clock pessimism              0.322    24.553    
                         clock uncertainty           -0.035    24.517    
    SLICE_X10Y32         FDCE (Setup_fdce_C_D)        0.077    24.594    reg_p_reg[34]
  -------------------------------------------------------------------
                         required time                         24.594    
                         arrival time                         -11.983    
  -------------------------------------------------------------------
                         slack                                 12.611    

Slack (MET) :             12.705ns  (required time - arrival time)
  Source:                 reg_p_reg[31]/C
                            (rising edge-triggered cell FDCE clocked by sys_clk_pin  {rise@0.000ns fall@10.000ns period=20.000ns})
  Destination:            reg_p_reg[53]/D
                            (rising edge-triggered cell FDCE clocked by sys_clk_pin  {rise@0.000ns fall@10.000ns period=20.000ns})
  Path Group:             sys_clk_pin
  Path Type:              Setup (Max at Slow Process Corner)
  Requirement:            20.000ns  (sys_clk_pin rise@20.000ns - sys_clk_pin rise@0.000ns)
  Data Path Delay:        7.185ns  (logic 2.781ns (38.704%)  route 4.404ns (61.296%))
  Logic Levels:           13  (CARRY4=9 LUT4=2 LUT5=1 LUT6=1)
  Clock Path Skew:        -0.103ns (DCD - SCD + CPR)
    Destination Clock Delay (DCD):    4.234ns = ( 24.234 - 20.000 ) 
    Source Clock Delay      (SCD):    4.659ns
    Clock Pessimism Removal (CPR):    0.322ns
  Clock Uncertainty:      0.035ns  ((TSJ^2 + TIJ^2)^1/2 + DJ) / 2 + PE
    Total System Jitter     (TSJ):    0.071ns
    Total Input Jitter      (TIJ):    0.000ns
    Discrete Jitter          (DJ):    0.000ns
    Phase Error              (PE):    0.000ns

    Location             Delay type                Incr(ns)  Path(ns)    Netlist Resource(s)
  -------------------------------------------------------------------    -------------------
                         (clock sys_clk_pin rise edge)
                                                      0.000     0.000 r  
    N15                                               0.000     0.000 r  clk (IN)
                         net (fo=0)                   0.000     0.000    clk
    N15                  IBUF (Prop_ibuf_I_O)         0.962     0.962 r  clk_IBUF_inst/O
                         net (fo=1, routed)           1.972     2.933    clk_IBUF
    BUFGCTRL_X0Y0        BUFG (Prop_bufg_I_O)         0.096     3.029 r  clk_IBUF_BUFG_inst/O
                         net (fo=109, routed)         1.629     4.659    clk_IBUF_BUFG
    SLICE_X1Y32          FDCE                                         r  reg_p_reg[31]/C
  -------------------------------------------------------------------    -------------------
    SLICE_X1Y32          FDCE (Prop_fdce_C_Q)         0.456     5.115 r  reg_p_reg[31]/Q
                         net (fo=8, routed)           1.546     6.661    reg_p_reg_n_0_[31]
    SLICE_X6Y32          LUT4 (Prop_lut4_I1_O)        0.124     6.785 r  reg_p[35]_i_18/O
                         net (fo=1, routed)           0.000     6.785    reg_p[35]_i_18_n_0
    SLICE_X6Y32          CARRY4 (Prop_carry4_S[0]_CO[3])
                                                      0.513     7.298 r  reg_p_reg[35]_i_10/CO[3]
                         net (fo=1, routed)           0.000     7.298    reg_p_reg[35]_i_10_n_0
    SLICE_X6Y33          CARRY4 (Prop_carry4_CI_CO[3])
                                                      0.117     7.415 r  reg_p_reg[39]_i_11/CO[3]
                         net (fo=1, routed)           0.000     7.415    reg_p_reg[39]_i_11_n_0
    SLICE_X6Y34          CARRY4 (Prop_carry4_CI_CO[3])
                                                      0.117     7.532 r  reg_p_reg[43]_i_11/CO[3]
                         net (fo=1, routed)           0.000     7.532    reg_p_reg[43]_i_11_n_0
    SLICE_X6Y35          CARRY4 (Prop_carry4_CI_CO[3])
                                                      0.117     7.649 r  reg_p_reg[47]_i_11/CO[3]
                         net (fo=1, routed)           0.000     7.649    reg_p_reg[47]_i_11_n_0
    SLICE_X6Y36          CARRY4 (Prop_carry4_CI_CO[3])
                                                      0.117     7.766 r  reg_p_reg[51]_i_11/CO[3]
                         net (fo=1, routed)           0.000     7.766    reg_p_reg[51]_i_11_n_0
    SLICE_X6Y37          CARRY4 (Prop_carry4_CI_CO[3])
                                                      0.117     7.883 r  reg_p_reg[55]_i_11/CO[3]
                         net (fo=1, routed)           0.000     7.883    reg_p_reg[55]_i_11_n_0
    SLICE_X6Y38          CARRY4 (Prop_carry4_CI_CO[3])
                                                      0.117     8.000 r  reg_p_reg[63]_i_20/CO[3]
                         net (fo=1, routed)           0.000     8.000    reg_p_reg[63]_i_20_n_0
    SLICE_X6Y39          CARRY4 (Prop_carry4_CI_CO[3])
                                                      0.117     8.117 r  reg_p_reg[63]_i_11/CO[3]
                         net (fo=1, routed)           0.000     8.117    reg_p_reg[63]_i_11_n_0
    SLICE_X6Y40          CARRY4 (Prop_carry4_CI_CO[0])
                                                      0.254     8.371 r  reg_p_reg[63]_i_10/CO[0]
                         net (fo=33, routed)          1.600     9.971    reg_p_reg[63]_i_10_n_3
    SLICE_X10Y37         LUT5 (Prop_lut5_I1_O)        0.367    10.338 r  reg_p[53]_i_5/O
                         net (fo=1, routed)           0.452    10.790    reg_p[53]_i_5_n_0
    SLICE_X10Y37         LUT6 (Prop_lut6_I4_O)        0.124    10.914 r  reg_p[53]_i_3/O
                         net (fo=1, routed)           0.806    11.720    reg_p[53]_i_3_n_0
    SLICE_X9Y37          LUT4 (Prop_lut4_I1_O)        0.124    11.844 r  reg_p[53]_i_1/O
                         net (fo=1, routed)           0.000    11.844    reg_p[53]_i_1_n_0
    SLICE_X9Y37          FDCE                                         r  reg_p_reg[53]/D
  -------------------------------------------------------------------    -------------------

                         (clock sys_clk_pin rise edge)
                                                     20.000    20.000 r  
    N15                                               0.000    20.000 r  clk (IN)
                         net (fo=0)                   0.000    20.000    clk
    N15                  IBUF (Prop_ibuf_I_O)         0.828    20.828 r  clk_IBUF_inst/O
                         net (fo=1, routed)           1.868    22.696    clk_IBUF
    BUFGCTRL_X0Y0        BUFG (Prop_bufg_I_O)         0.091    22.787 r  clk_IBUF_BUFG_inst/O
                         net (fo=109, routed)         1.446    24.234    clk_IBUF_BUFG
    SLICE_X9Y37          FDCE                                         r  reg_p_reg[53]/C
                         clock pessimism              0.322    24.556    
                         clock uncertainty           -0.035    24.520    
    SLICE_X9Y37          FDCE (Setup_fdce_C_D)        0.029    24.549    reg_p_reg[53]
  -------------------------------------------------------------------
                         required time                         24.549    
                         arrival time                         -11.844    
  -------------------------------------------------------------------
                         slack                                 12.705    

Slack (MET) :             12.795ns  (required time - arrival time)
  Source:                 reg_p_reg[31]/C
                            (rising edge-triggered cell FDCE clocked by sys_clk_pin  {rise@0.000ns fall@10.000ns period=20.000ns})
  Destination:            reg_p_reg[0]/D
                            (rising edge-triggered cell FDCE clocked by sys_clk_pin  {rise@0.000ns fall@10.000ns period=20.000ns})
  Path Group:             sys_clk_pin
  Path Type:              Setup (Max at Slow Process Corner)
  Requirement:            20.000ns  (sys_clk_pin rise@20.000ns - sys_clk_pin rise@0.000ns)
  Data Path Delay:        7.152ns  (logic 2.657ns (37.151%)  route 4.495ns (62.849%))
  Logic Levels:           12  (CARRY4=9 LUT4=2 LUT5=1)
  Clock Path Skew:        -0.047ns (DCD - SCD + CPR)
    Destination Clock Delay (DCD):    4.290ns = ( 24.290 - 20.000 ) 
    Source Clock Delay      (SCD):    4.659ns
    Clock Pessimism Removal (CPR):    0.322ns
  Clock Uncertainty:      0.035ns  ((TSJ^2 + TIJ^2)^1/2 + DJ) / 2 + PE
    Total System Jitter     (TSJ):    0.071ns
    Total Input Jitter      (TIJ):    0.000ns
    Discrete Jitter          (DJ):    0.000ns
    Phase Error              (PE):    0.000ns

    Location             Delay type                Incr(ns)  Path(ns)    Netlist Resource(s)
  -------------------------------------------------------------------    -------------------
                         (clock sys_clk_pin rise edge)
                                                      0.000     0.000 r  
    N15                                               0.000     0.000 r  clk (IN)
                         net (fo=0)                   0.000     0.000    clk
    N15                  IBUF (Prop_ibuf_I_O)         0.962     0.962 r  clk_IBUF_inst/O
                         net (fo=1, routed)           1.972     2.933    clk_IBUF
    BUFGCTRL_X0Y0        BUFG (Prop_bufg_I_O)         0.096     3.029 r  clk_IBUF_BUFG_inst/O
                         net (fo=109, routed)         1.629     4.659    clk_IBUF_BUFG
    SLICE_X1Y32          FDCE                                         r  reg_p_reg[31]/C
  -------------------------------------------------------------------    -------------------
    SLICE_X1Y32          FDCE (Prop_fdce_C_Q)         0.456     5.115 r  reg_p_reg[31]/Q
                         net (fo=8, routed)           1.546     6.661    reg_p_reg_n_0_[31]
    SLICE_X6Y32          LUT4 (Prop_lut4_I1_O)        0.124     6.785 r  reg_p[35]_i_18/O
                         net (fo=1, routed)           0.000     6.785    reg_p[35]_i_18_n_0
    SLICE_X6Y32          CARRY4 (Prop_carry4_S[0]_CO[3])
                                                      0.513     7.298 r  reg_p_reg[35]_i_10/CO[3]
                         net (fo=1, routed)           0.000     7.298    reg_p_reg[35]_i_10_n_0
    SLICE_X6Y33          CARRY4 (Prop_carry4_CI_CO[3])
                                                      0.117     7.415 r  reg_p_reg[39]_i_11/CO[3]
                         net (fo=1, routed)           0.000     7.415    reg_p_reg[39]_i_11_n_0
    SLICE_X6Y34          CARRY4 (Prop_carry4_CI_CO[3])
                                                      0.117     7.532 r  reg_p_reg[43]_i_11/CO[3]
                         net (fo=1, routed)           0.000     7.532    reg_p_reg[43]_i_11_n_0
    SLICE_X6Y35          CARRY4 (Prop_carry4_CI_CO[3])
                                                      0.117     7.649 r  reg_p_reg[47]_i_11/CO[3]
                         net (fo=1, routed)           0.000     7.649    reg_p_reg[47]_i_11_n_0
    SLICE_X6Y36          CARRY4 (Prop_carry4_CI_CO[3])
                                                      0.117     7.766 r  reg_p_reg[51]_i_11/CO[3]
                         net (fo=1, routed)           0.000     7.766    reg_p_reg[51]_i_11_n_0
    SLICE_X6Y37          CARRY4 (Prop_carry4_CI_CO[3])
                                                      0.117     7.883 r  reg_p_reg[55]_i_11/CO[3]
                         net (fo=1, routed)           0.000     7.883    reg_p_reg[55]_i_11_n_0
    SLICE_X6Y38          CARRY4 (Prop_carry4_CI_CO[3])
                                                      0.117     8.000 r  reg_p_reg[63]_i_20/CO[3]
                         net (fo=1, routed)           0.000     8.000    reg_p_reg[63]_i_20_n_0
    SLICE_X6Y39          CARRY4 (Prop_carry4_CI_CO[3])
                                                      0.117     8.117 r  reg_p_reg[63]_i_11/CO[3]
                         net (fo=1, routed)           0.000     8.117    reg_p_reg[63]_i_11_n_0
    SLICE_X6Y40          CARRY4 (Prop_carry4_CI_CO[0])
                                                      0.254     8.371 r  reg_p_reg[63]_i_10/CO[0]
                         net (fo=33, routed)          2.546    10.917    reg_p_reg[63]_i_10_n_3
    SLICE_X6Y26          LUT5 (Prop_lut5_I0_O)        0.367    11.284 r  reg_p[0]_i_2/O
                         net (fo=1, routed)           0.403    11.687    reg_p[0]_i_2_n_0
    SLICE_X7Y26          LUT4 (Prop_lut4_I0_O)        0.124    11.811 r  reg_p[0]_i_1/O
                         net (fo=1, routed)           0.000    11.811    reg_p[0]_i_1_n_0
    SLICE_X7Y26          FDCE                                         r  reg_p_reg[0]/D
  -------------------------------------------------------------------    -------------------

                         (clock sys_clk_pin rise edge)
                                                     20.000    20.000 r  
    N15                                               0.000    20.000 r  clk (IN)
                         net (fo=0)                   0.000    20.000    clk
    N15                  IBUF (Prop_ibuf_I_O)         0.828    20.828 r  clk_IBUF_inst/O
                         net (fo=1, routed)           1.868    22.696    clk_IBUF
    BUFGCTRL_X0Y0        BUFG (Prop_bufg_I_O)         0.091    22.787 r  clk_IBUF_BUFG_inst/O
                         net (fo=109, routed)         1.502    24.290    clk_IBUF_BUFG
    SLICE_X7Y26          FDCE                                         r  reg_p_reg[0]/C
                         clock pessimism              0.322    24.612    
                         clock uncertainty           -0.035    24.576    
    SLICE_X7Y26          FDCE (Setup_fdce_C_D)        0.029    24.605    reg_p_reg[0]
  -------------------------------------------------------------------
                         required time                         24.605    
                         arrival time                         -11.811    
  -------------------------------------------------------------------
                         slack                                 12.795    

Slack (MET) :             12.858ns  (required time - arrival time)
  Source:                 reg_p_reg[31]/C
                            (rising edge-triggered cell FDCE clocked by sys_clk_pin  {rise@0.000ns fall@10.000ns period=20.000ns})
  Destination:            reg_p_reg[38]/D
                            (rising edge-triggered cell FDCE clocked by sys_clk_pin  {rise@0.000ns fall@10.000ns period=20.000ns})
  Path Group:             sys_clk_pin
  Path Type:              Setup (Max at Slow Process Corner)
  Requirement:            20.000ns  (sys_clk_pin rise@20.000ns - sys_clk_pin rise@0.000ns)
  Data Path Delay:        7.160ns  (logic 2.802ns (39.133%)  route 4.358ns (60.867%))
  Logic Levels:           13  (CARRY4=9 LUT4=2 LUT5=1 LUT6=1)
  Clock Path Skew:        -0.023ns (DCD - SCD + CPR)
    Destination Clock Delay (DCD):    4.300ns = ( 24.300 - 20.000 ) 
    Source Clock Delay      (SCD):    4.659ns
    Clock Pessimism Removal (CPR):    0.336ns
  Clock Uncertainty:      0.035ns  ((TSJ^2 + TIJ^2)^1/2 + DJ) / 2 + PE
    Total System Jitter     (TSJ):    0.071ns
    Total Input Jitter      (TIJ):    0.000ns
    Discrete Jitter          (DJ):    0.000ns
    Phase Error              (PE):    0.000ns

    Location             Delay type                Incr(ns)  Path(ns)    Netlist Resource(s)
  -------------------------------------------------------------------    -------------------
                         (clock sys_clk_pin rise edge)
                                                      0.000     0.000 r  
    N15                                               0.000     0.000 r  clk (IN)
                         net (fo=0)                   0.000     0.000    clk
    N15                  IBUF (Prop_ibuf_I_O)         0.962     0.962 r  clk_IBUF_inst/O
                         net (fo=1, routed)           1.972     2.933    clk_IBUF
    BUFGCTRL_X0Y0        BUFG (Prop_bufg_I_O)         0.096     3.029 r  clk_IBUF_BUFG_inst/O
                         net (fo=109, routed)         1.629     4.659    clk_IBUF_BUFG
    SLICE_X1Y32          FDCE                                         r  reg_p_reg[31]/C
  -------------------------------------------------------------------    -------------------
    SLICE_X1Y32          FDCE (Prop_fdce_C_Q)         0.456     5.115 r  reg_p_reg[31]/Q
                         net (fo=8, routed)           1.541     6.656    reg_p_reg_n_0_[31]
    SLICE_X7Y32          LUT4 (Prop_lut4_I2_O)        0.124     6.780 r  reg_p[34]_i_10/O
                         net (fo=1, routed)           0.000     6.780    reg_p[34]_i_10_n_0
    SLICE_X7Y32          CARRY4 (Prop_carry4_S[0]_CO[3])
                                                      0.532     7.312 r  reg_p_reg[34]_i_5/CO[3]
                         net (fo=1, routed)           0.000     7.312    reg_p_reg[34]_i_5_n_0
    SLICE_X7Y33          CARRY4 (Prop_carry4_CI_CO[3])
                                                      0.114     7.426 r  reg_p_reg[38]_i_5/CO[3]
                         net (fo=1, routed)           0.000     7.426    reg_p_reg[38]_i_5_n_0
    SLICE_X7Y34          CARRY4 (Prop_carry4_CI_CO[3])
                                                      0.114     7.540 r  reg_p_reg[42]_i_5/CO[3]
                         net (fo=1, routed)           0.000     7.540    reg_p_reg[42]_i_5_n_0
    SLICE_X7Y35          CARRY4 (Prop_carry4_CI_CO[3])
                                                      0.114     7.654 r  reg_p_reg[46]_i_5/CO[3]
                         net (fo=1, routed)           0.000     7.654    reg_p_reg[46]_i_5_n_0
    SLICE_X7Y36          CARRY4 (Prop_carry4_CI_CO[3])
                                                      0.114     7.768 r  reg_p_reg[50]_i_5/CO[3]
                         net (fo=1, routed)           0.000     7.768    reg_p_reg[50]_i_5_n_0
    SLICE_X7Y37          CARRY4 (Prop_carry4_CI_CO[3])
                                                      0.114     7.882 r  reg_p_reg[54]_i_5/CO[3]
                         net (fo=1, routed)           0.000     7.882    reg_p_reg[54]_i_5_n_0
    SLICE_X7Y38          CARRY4 (Prop_carry4_CI_CO[3])
                                                      0.114     7.996 r  reg_p_reg[58]_i_5/CO[3]
                         net (fo=1, routed)           0.000     7.996    reg_p_reg[58]_i_5_n_0
    SLICE_X7Y39          CARRY4 (Prop_carry4_CI_CO[3])
                                                      0.114     8.110 r  reg_p_reg[62]_i_5/CO[3]
                         net (fo=1, routed)           0.000     8.110    reg_p_reg[62]_i_5_n_0
    SLICE_X7Y40          CARRY4 (Prop_carry4_CI_CO[0])
                                                      0.271     8.381 r  reg_p_reg[63]_i_12/CO[0]
                         net (fo=32, routed)          2.370    10.751    adder_out0[32]
    SLICE_X2Y33          LUT5 (Prop_lut5_I3_O)        0.373    11.124 r  reg_p[38]_i_6/O
                         net (fo=1, routed)           0.282    11.406    reg_p[38]_i_6_n_0
    SLICE_X2Y33          LUT6 (Prop_lut6_I4_O)        0.124    11.530 r  reg_p[38]_i_3/O
                         net (fo=1, routed)           0.165    11.695    reg_p[38]_i_3_n_0
    SLICE_X2Y33          LUT4 (Prop_lut4_I1_O)        0.124    11.819 r  reg_p[38]_i_1/O
                         net (fo=1, routed)           0.000    11.819    reg_p[38]_i_1_n_0
    SLICE_X2Y33          FDCE                                         r  reg_p_reg[38]/D
  -------------------------------------------------------------------    -------------------

                         (clock sys_clk_pin rise edge)
                                                     20.000    20.000 r  
    N15                                               0.000    20.000 r  clk (IN)
                         net (fo=0)                   0.000    20.000    clk
    N15                  IBUF (Prop_ibuf_I_O)         0.828    20.828 r  clk_IBUF_inst/O
                         net (fo=1, routed)           1.868    22.696    clk_IBUF
    BUFGCTRL_X0Y0        BUFG (Prop_bufg_I_O)         0.091    22.787 r  clk_IBUF_BUFG_inst/O
                         net (fo=109, routed)         1.512    24.300    clk_IBUF_BUFG
    SLICE_X2Y33          FDCE                                         r  reg_p_reg[38]/C
                         clock pessimism              0.336    24.636    
                         clock uncertainty           -0.035    24.600    
    SLICE_X2Y33          FDCE (Setup_fdce_C_D)        0.077    24.677    reg_p_reg[38]
  -------------------------------------------------------------------
                         required time                         24.677    
                         arrival time                         -11.819    
  -------------------------------------------------------------------
                         slack                                 12.858    

Slack (MET) :             12.871ns  (required time - arrival time)
  Source:                 reg_p_reg[31]/C
                            (rising edge-triggered cell FDCE clocked by sys_clk_pin  {rise@0.000ns fall@10.000ns period=20.000ns})
  Destination:            reg_p_reg[39]/D
                            (rising edge-triggered cell FDCE clocked by sys_clk_pin  {rise@0.000ns fall@10.000ns period=20.000ns})
  Path Group:             sys_clk_pin
  Path Type:              Setup (Max at Slow Process Corner)
  Requirement:            20.000ns  (sys_clk_pin rise@20.000ns - sys_clk_pin rise@0.000ns)
  Data Path Delay:        7.017ns  (logic 2.802ns (39.930%)  route 4.215ns (60.070%))
  Logic Levels:           13  (CARRY4=9 LUT4=2 LUT5=1 LUT6=1)
  Clock Path Skew:        -0.105ns (DCD - SCD + CPR)
    Destination Clock Delay (DCD):    4.232ns = ( 24.232 - 20.000 ) 
    Source Clock Delay      (SCD):    4.659ns
    Clock Pessimism Removal (CPR):    0.322ns
  Clock Uncertainty:      0.035ns  ((TSJ^2 + TIJ^2)^1/2 + DJ) / 2 + PE
    Total System Jitter     (TSJ):    0.071ns
    Total Input Jitter      (TIJ):    0.000ns
    Discrete Jitter          (DJ):    0.000ns
    Phase Error              (PE):    0.000ns

    Location             Delay type                Incr(ns)  Path(ns)    Netlist Resource(s)
  -------------------------------------------------------------------    -------------------
                         (clock sys_clk_pin rise edge)
                                                      0.000     0.000 r  
    N15                                               0.000     0.000 r  clk (IN)
                         net (fo=0)                   0.000     0.000    clk
    N15                  IBUF (Prop_ibuf_I_O)         0.962     0.962 r  clk_IBUF_inst/O
                         net (fo=1, routed)           1.972     2.933    clk_IBUF
    BUFGCTRL_X0Y0        BUFG (Prop_bufg_I_O)         0.096     3.029 r  clk_IBUF_BUFG_inst/O
                         net (fo=109, routed)         1.629     4.659    clk_IBUF_BUFG
    SLICE_X1Y32          FDCE                                         r  reg_p_reg[31]/C
  -------------------------------------------------------------------    -------------------
    SLICE_X1Y32          FDCE (Prop_fdce_C_Q)         0.456     5.115 r  reg_p_reg[31]/Q
                         net (fo=8, routed)           1.541     6.656    reg_p_reg_n_0_[31]
    SLICE_X7Y32          LUT4 (Prop_lut4_I2_O)        0.124     6.780 r  reg_p[34]_i_10/O
                         net (fo=1, routed)           0.000     6.780    reg_p[34]_i_10_n_0
    SLICE_X7Y32          CARRY4 (Prop_carry4_S[0]_CO[3])
                                                      0.532     7.312 r  reg_p_reg[34]_i_5/CO[3]
                         net (fo=1, routed)           0.000     7.312    reg_p_reg[34]_i_5_n_0
    SLICE_X7Y33          CARRY4 (Prop_carry4_CI_CO[3])
                                                      0.114     7.426 r  reg_p_reg[38]_i_5/CO[3]
                         net (fo=1, routed)           0.000     7.426    reg_p_reg[38]_i_5_n_0
    SLICE_X7Y34          CARRY4 (Prop_carry4_CI_CO[3])
                                                      0.114     7.540 r  reg_p_reg[42]_i_5/CO[3]
                         net (fo=1, routed)           0.000     7.540    reg_p_reg[42]_i_5_n_0
    SLICE_X7Y35          CARRY4 (Prop_carry4_CI_CO[3])
                                                      0.114     7.654 r  reg_p_reg[46]_i_5/CO[3]
                         net (fo=1, routed)           0.000     7.654    reg_p_reg[46]_i_5_n_0
    SLICE_X7Y36          CARRY4 (Prop_carry4_CI_CO[3])
                                                      0.114     7.768 r  reg_p_reg[50]_i_5/CO[3]
                         net (fo=1, routed)           0.000     7.768    reg_p_reg[50]_i_5_n_0
    SLICE_X7Y37          CARRY4 (Prop_carry4_CI_CO[3])
                                                      0.114     7.882 r  reg_p_reg[54]_i_5/CO[3]
                         net (fo=1, routed)           0.000     7.882    reg_p_reg[54]_i_5_n_0
    SLICE_X7Y38          CARRY4 (Prop_carry4_CI_CO[3])
                                                      0.114     7.996 r  reg_p_reg[58]_i_5/CO[3]
                         net (fo=1, routed)           0.000     7.996    reg_p_reg[58]_i_5_n_0
    SLICE_X7Y39          CARRY4 (Prop_carry4_CI_CO[3])
                                                      0.114     8.110 r  reg_p_reg[62]_i_5/CO[3]
                         net (fo=1, routed)           0.000     8.110    reg_p_reg[62]_i_5_n_0
    SLICE_X7Y40          CARRY4 (Prop_carry4_CI_CO[0])
                                                      0.271     8.381 r  reg_p_reg[63]_i_12/CO[0]
                         net (fo=32, routed)          2.116    10.497    adder_out0[32]
    SLICE_X9Y33          LUT5 (Prop_lut5_I3_O)        0.373    10.870 r  reg_p[39]_i_6/O
                         net (fo=1, routed)           0.404    11.274    reg_p[39]_i_6_n_0
    SLICE_X9Y34          LUT6 (Prop_lut6_I4_O)        0.124    11.398 r  reg_p[39]_i_3/O
                         net (fo=1, routed)           0.154    11.552    reg_p[39]_i_3_n_0
    SLICE_X9Y34          LUT4 (Prop_lut4_I1_O)        0.124    11.676 r  reg_p[39]_i_1/O
                         net (fo=1, routed)           0.000    11.676    reg_p[39]_i_1_n_0
    SLICE_X9Y34          FDCE                                         r  reg_p_reg[39]/D
  -------------------------------------------------------------------    -------------------

                         (clock sys_clk_pin rise edge)
                                                     20.000    20.000 r  
    N15                                               0.000    20.000 r  clk (IN)
                         net (fo=0)                   0.000    20.000    clk
    N15                  IBUF (Prop_ibuf_I_O)         0.828    20.828 r  clk_IBUF_inst/O
                         net (fo=1, routed)           1.868    22.696    clk_IBUF
    BUFGCTRL_X0Y0        BUFG (Prop_bufg_I_O)         0.091    22.787 r  clk_IBUF_BUFG_inst/O
                         net (fo=109, routed)         1.444    24.232    clk_IBUF_BUFG
    SLICE_X9Y34          FDCE                                         r  reg_p_reg[39]/C
                         clock pessimism              0.322    24.554    
                         clock uncertainty           -0.035    24.518    
    SLICE_X9Y34          FDCE (Setup_fdce_C_D)        0.029    24.547    reg_p_reg[39]
  -------------------------------------------------------------------
                         required time                         24.547    
                         arrival time                         -11.676    
  -------------------------------------------------------------------
                         slack                                 12.871    

Slack (MET) :             12.877ns  (required time - arrival time)
  Source:                 reg_p_reg[31]/C
                            (rising edge-triggered cell FDCE clocked by sys_clk_pin  {rise@0.000ns fall@10.000ns period=20.000ns})
  Destination:            reg_p_reg[45]/D
                            (rising edge-triggered cell FDCE clocked by sys_clk_pin  {rise@0.000ns fall@10.000ns period=20.000ns})
  Path Group:             sys_clk_pin
  Path Type:              Setup (Max at Slow Process Corner)
  Requirement:            20.000ns  (sys_clk_pin rise@20.000ns - sys_clk_pin rise@0.000ns)
  Data Path Delay:        7.065ns  (logic 2.781ns (39.365%)  route 4.284ns (60.635%))
  Logic Levels:           13  (CARRY4=9 LUT4=2 LUT5=1 LUT6=1)
  Clock Path Skew:        -0.104ns (DCD - SCD + CPR)
    Destination Clock Delay (DCD):    4.233ns = ( 24.233 - 20.000 ) 
    Source Clock Delay      (SCD):    4.659ns
    Clock Pessimism Removal (CPR):    0.322ns
  Clock Uncertainty:      0.035ns  ((TSJ^2 + TIJ^2)^1/2 + DJ) / 2 + PE
    Total System Jitter     (TSJ):    0.071ns
    Total Input Jitter      (TIJ):    0.000ns
    Discrete Jitter          (DJ):    0.000ns
    Phase Error              (PE):    0.000ns

    Location             Delay type                Incr(ns)  Path(ns)    Netlist Resource(s)
  -------------------------------------------------------------------    -------------------
                         (clock sys_clk_pin rise edge)
                                                      0.000     0.000 r  
    N15                                               0.000     0.000 r  clk (IN)
                         net (fo=0)                   0.000     0.000    clk
    N15                  IBUF (Prop_ibuf_I_O)         0.962     0.962 r  clk_IBUF_inst/O
                         net (fo=1, routed)           1.972     2.933    clk_IBUF
    BUFGCTRL_X0Y0        BUFG (Prop_bufg_I_O)         0.096     3.029 r  clk_IBUF_BUFG_inst/O
                         net (fo=109, routed)         1.629     4.659    clk_IBUF_BUFG
    SLICE_X1Y32          FDCE                                         r  reg_p_reg[31]/C
  -------------------------------------------------------------------    -------------------
    SLICE_X1Y32          FDCE (Prop_fdce_C_Q)         0.456     5.115 r  reg_p_reg[31]/Q
                         net (fo=8, routed)           1.546     6.661    reg_p_reg_n_0_[31]
    SLICE_X6Y32          LUT4 (Prop_lut4_I1_O)        0.124     6.785 r  reg_p[35]_i_18/O
                         net (fo=1, routed)           0.000     6.785    reg_p[35]_i_18_n_0
    SLICE_X6Y32          CARRY4 (Prop_carry4_S[0]_CO[3])
                                                      0.513     7.298 r  reg_p_reg[35]_i_10/CO[3]
                         net (fo=1, routed)           0.000     7.298    reg_p_reg[35]_i_10_n_0
    SLICE_X6Y33          CARRY4 (Prop_carry4_CI_CO[3])
                                                      0.117     7.415 r  reg_p_reg[39]_i_11/CO[3]
                         net (fo=1, routed)           0.000     7.415    reg_p_reg[39]_i_11_n_0
    SLICE_X6Y34          CARRY4 (Prop_carry4_CI_CO[3])
                                                      0.117     7.532 r  reg_p_reg[43]_i_11/CO[3]
                         net (fo=1, routed)           0.000     7.532    reg_p_reg[43]_i_11_n_0
    SLICE_X6Y35          CARRY4 (Prop_carry4_CI_CO[3])
                                                      0.117     7.649 r  reg_p_reg[47]_i_11/CO[3]
                         net (fo=1, routed)           0.000     7.649    reg_p_reg[47]_i_11_n_0
    SLICE_X6Y36          CARRY4 (Prop_carry4_CI_CO[3])
                                                      0.117     7.766 r  reg_p_reg[51]_i_11/CO[3]
                         net (fo=1, routed)           0.000     7.766    reg_p_reg[51]_i_11_n_0
    SLICE_X6Y37          CARRY4 (Prop_carry4_CI_CO[3])
                                                      0.117     7.883 r  reg_p_reg[55]_i_11/CO[3]
                         net (fo=1, routed)           0.000     7.883    reg_p_reg[55]_i_11_n_0
    SLICE_X6Y38          CARRY4 (Prop_carry4_CI_CO[3])
                                                      0.117     8.000 r  reg_p_reg[63]_i_20/CO[3]
                         net (fo=1, routed)           0.000     8.000    reg_p_reg[63]_i_20_n_0
    SLICE_X6Y39          CARRY4 (Prop_carry4_CI_CO[3])
                                                      0.117     8.117 r  reg_p_reg[63]_i_11/CO[3]
                         net (fo=1, routed)           0.000     8.117    reg_p_reg[63]_i_11_n_0
    SLICE_X6Y40          CARRY4 (Prop_carry4_CI_CO[0])
                                                      0.254     8.371 r  reg_p_reg[63]_i_10/CO[0]
                         net (fo=33, routed)          1.784    10.155    reg_p_reg[63]_i_10_n_3
    SLICE_X10Y35         LUT5 (Prop_lut5_I1_O)        0.367    10.522 r  reg_p[45]_i_5/O
                         net (fo=1, routed)           0.301    10.823    reg_p[45]_i_5_n_0
    SLICE_X9Y35          LUT6 (Prop_lut6_I4_O)        0.124    10.947 r  reg_p[45]_i_3/O
                         net (fo=1, routed)           0.653    11.599    reg_p[45]_i_3_n_0
    SLICE_X8Y35          LUT4 (Prop_lut4_I1_O)        0.124    11.723 r  reg_p[45]_i_1/O
                         net (fo=1, routed)           0.000    11.723    reg_p[45]_i_1_n_0
    SLICE_X8Y35          FDCE                                         r  reg_p_reg[45]/D
  -------------------------------------------------------------------    -------------------

                         (clock sys_clk_pin rise edge)
                                                     20.000    20.000 r  
    N15                                               0.000    20.000 r  clk (IN)
                         net (fo=0)                   0.000    20.000    clk
    N15                  IBUF (Prop_ibuf_I_O)         0.828    20.828 r  clk_IBUF_inst/O
                         net (fo=1, routed)           1.868    22.696    clk_IBUF
    BUFGCTRL_X0Y0        BUFG (Prop_bufg_I_O)         0.091    22.787 r  clk_IBUF_BUFG_inst/O
                         net (fo=109, routed)         1.445    24.233    clk_IBUF_BUFG
    SLICE_X8Y35          FDCE                                         r  reg_p_reg[45]/C
                         clock pessimism              0.322    24.555    
                         clock uncertainty           -0.035    24.519    
    SLICE_X8Y35          FDCE (Setup_fdce_C_D)        0.081    24.600    reg_p_reg[45]
  -------------------------------------------------------------------
                         required time                         24.600    
                         arrival time                         -11.723    
  -------------------------------------------------------------------
                         slack                                 12.877    





Min Delay Paths
--------------------------------------------------------------------------------------
Slack (MET) :             0.146ns  (arrival time - required time)
  Source:                 FSM_onehot_state_reg[4]/C
                            (rising edge-triggered cell FDCE clocked by sys_clk_pin  {rise@0.000ns fall@10.000ns period=20.000ns})
  Destination:            FSM_onehot_state_reg[0]/D
                            (rising edge-triggered cell FDPE clocked by sys_clk_pin  {rise@0.000ns fall@10.000ns period=20.000ns})
  Path Group:             sys_clk_pin
  Path Type:              Hold (Min at Fast Process Corner)
  Requirement:            0.000ns  (sys_clk_pin rise@0.000ns - sys_clk_pin rise@0.000ns)
  Data Path Delay:        0.221ns  (logic 0.141ns (63.888%)  route 0.080ns (36.112%))
  Logic Levels:           0  
  Clock Path Skew:        0.000ns (DCD - SCD - CPR)
    Destination Clock Delay (DCD):    1.954ns
    Source Clock Delay      (SCD):    1.438ns
    Clock Pessimism Removal (CPR):    0.515ns

    Location             Delay type                Incr(ns)  Path(ns)    Netlist Resource(s)
  -------------------------------------------------------------------    -------------------
                         (clock sys_clk_pin rise edge)
                                                      0.000     0.000 r  
    N15                                               0.000     0.000 r  clk (IN)
                         net (fo=0)                   0.000     0.000    clk
    N15                  IBUF (Prop_ibuf_I_O)         0.191     0.191 r  clk_IBUF_inst/O
                         net (fo=1, routed)           0.634     0.825    clk_IBUF
    BUFGCTRL_X0Y0        BUFG (Prop_bufg_I_O)         0.026     0.851 r  clk_IBUF_BUFG_inst/O
                         net (fo=109, routed)         0.588     1.438    clk_IBUF_BUFG
    SLICE_X0Y31          FDCE                                         r  FSM_onehot_state_reg[4]/C
  -------------------------------------------------------------------    -------------------
    SLICE_X0Y31          FDCE (Prop_fdce_C_Q)         0.141     1.579 r  FSM_onehot_state_reg[4]/Q
                         net (fo=3, routed)           0.080     1.659    ready_OBUF
    SLICE_X0Y31          FDPE                                         r  FSM_onehot_state_reg[0]/D
  -------------------------------------------------------------------    -------------------

                         (clock sys_clk_pin rise edge)
                                                      0.000     0.000 r  
    N15                                               0.000     0.000 r  clk (IN)
                         net (fo=0)                   0.000     0.000    clk
    N15                  IBUF (Prop_ibuf_I_O)         0.380     0.380 r  clk_IBUF_inst/O
                         net (fo=1, routed)           0.689     1.068    clk_IBUF
    BUFGCTRL_X0Y0        BUFG (Prop_bufg_I_O)         0.029     1.097 r  clk_IBUF_BUFG_inst/O
                         net (fo=109, routed)         0.857     1.954    clk_IBUF_BUFG
    SLICE_X0Y31          FDPE                                         r  FSM_onehot_state_reg[0]/C
                         clock pessimism             -0.515     1.438    
    SLICE_X0Y31          FDPE (Hold_fdpe_C_D)         0.075     1.513    FSM_onehot_state_reg[0]
  -------------------------------------------------------------------
                         required time                         -1.513    
                         arrival time                           1.659    
  -------------------------------------------------------------------
                         slack                                  0.146    

Slack (MET) :             0.242ns  (arrival time - required time)
  Source:                 count_reg[3]/C
                            (rising edge-triggered cell FDCE clocked by sys_clk_pin  {rise@0.000ns fall@10.000ns period=20.000ns})
  Destination:            count_reg[4]/D
                            (rising edge-triggered cell FDCE clocked by sys_clk_pin  {rise@0.000ns fall@10.000ns period=20.000ns})
  Path Group:             sys_clk_pin
  Path Type:              Hold (Min at Fast Process Corner)
  Requirement:            0.000ns  (sys_clk_pin rise@0.000ns - sys_clk_pin rise@0.000ns)
  Data Path Delay:        0.334ns  (logic 0.227ns (67.928%)  route 0.107ns (32.072%))
  Logic Levels:           1  (LUT6=1)
  Clock Path Skew:        0.000ns (DCD - SCD - CPR)
    Destination Clock Delay (DCD):    1.952ns
    Source Clock Delay      (SCD):    1.436ns
    Clock Pessimism Removal (CPR):    0.515ns

    Location             Delay type                Incr(ns)  Path(ns)    Netlist Resource(s)
  -------------------------------------------------------------------    -------------------
                         (clock sys_clk_pin rise edge)
                                                      0.000     0.000 r  
    N15                                               0.000     0.000 r  clk (IN)
                         net (fo=0)                   0.000     0.000    clk
    N15                  IBUF (Prop_ibuf_I_O)         0.191     0.191 r  clk_IBUF_inst/O
                         net (fo=1, routed)           0.634     0.825    clk_IBUF
    BUFGCTRL_X0Y0        BUFG (Prop_bufg_I_O)         0.026     0.851 r  clk_IBUF_BUFG_inst/O
                         net (fo=109, routed)         0.586     1.436    clk_IBUF_BUFG
    SLICE_X0Y29          FDCE                                         r  count_reg[3]/C
  -------------------------------------------------------------------    -------------------
    SLICE_X0Y29          FDCE (Prop_fdce_C_Q)         0.128     1.564 r  count_reg[3]/Q
                         net (fo=4, routed)           0.107     1.672    count_reg_n_0_[3]
    SLICE_X0Y29          LUT6 (Prop_lut6_I1_O)        0.099     1.771 r  count[4]_i_1/O
                         net (fo=1, routed)           0.000     1.771    count[4]_i_1_n_0
    SLICE_X0Y29          FDCE                                         r  count_reg[4]/D
  -------------------------------------------------------------------    -------------------

                         (clock sys_clk_pin rise edge)
                                                      0.000     0.000 r  
    N15                                               0.000     0.000 r  clk (IN)
                         net (fo=0)                   0.000     0.000    clk
    N15                  IBUF (Prop_ibuf_I_O)         0.380     0.380 r  clk_IBUF_inst/O
                         net (fo=1, routed)           0.689     1.068    clk_IBUF
    BUFGCTRL_X0Y0        BUFG (Prop_bufg_I_O)         0.029     1.097 r  clk_IBUF_BUFG_inst/O
                         net (fo=109, routed)         0.855     1.952    clk_IBUF_BUFG
    SLICE_X0Y29          FDCE                                         r  count_reg[4]/C
                         clock pessimism             -0.515     1.436    
    SLICE_X0Y29          FDCE (Hold_fdce_C_D)         0.092     1.528    count_reg[4]
  -------------------------------------------------------------------
                         required time                         -1.528    
                         arrival time                           1.771    
  -------------------------------------------------------------------
                         slack                                  0.242    

Slack (MET) :             0.262ns  (arrival time - required time)
  Source:                 count_reg[1]/C
                            (rising edge-triggered cell FDCE clocked by sys_clk_pin  {rise@0.000ns fall@10.000ns period=20.000ns})
  Destination:            count_reg[3]/D
                            (rising edge-triggered cell FDCE clocked by sys_clk_pin  {rise@0.000ns fall@10.000ns period=20.000ns})
  Path Group:             sys_clk_pin
  Path Type:              Hold (Min at Fast Process Corner)
  Requirement:            0.000ns  (sys_clk_pin rise@0.000ns - sys_clk_pin rise@0.000ns)
  Data Path Delay:        0.384ns  (logic 0.189ns (49.254%)  route 0.195ns (50.746%))
  Logic Levels:           1  (LUT5=1)
  Clock Path Skew:        0.015ns (DCD - SCD - CPR)
    Destination Clock Delay (DCD):    1.952ns
    Source Clock Delay      (SCD):    1.435ns
    Clock Pessimism Removal (CPR):    0.501ns

    Location             Delay type                Incr(ns)  Path(ns)    Netlist Resource(s)
  -------------------------------------------------------------------    -------------------
                         (clock sys_clk_pin rise edge)
                                                      0.000     0.000 r  
    N15                                               0.000     0.000 r  clk (IN)
                         net (fo=0)                   0.000     0.000    clk
    N15                  IBUF (Prop_ibuf_I_O)         0.191     0.191 r  clk_IBUF_inst/O
                         net (fo=1, routed)           0.634     0.825    clk_IBUF
    BUFGCTRL_X0Y0        BUFG (Prop_bufg_I_O)         0.026     0.851 r  clk_IBUF_BUFG_inst/O
                         net (fo=109, routed)         0.585     1.435    clk_IBUF_BUFG
    SLICE_X0Y28          FDCE                                         r  count_reg[1]/C
  -------------------------------------------------------------------    -------------------
    SLICE_X0Y28          FDCE (Prop_fdce_C_Q)         0.141     1.576 r  count_reg[1]/Q
                         net (fo=6, routed)           0.195     1.771    count_reg_n_0_[1]
    SLICE_X0Y29          LUT5 (Prop_lut5_I2_O)        0.048     1.819 r  count[3]_i_1/O
                         net (fo=1, routed)           0.000     1.819    count[3]_i_1_n_0
    SLICE_X0Y29          FDCE                                         r  count_reg[3]/D
  -------------------------------------------------------------------    -------------------

                         (clock sys_clk_pin rise edge)
                                                      0.000     0.000 r  
    N15                                               0.000     0.000 r  clk (IN)
                         net (fo=0)                   0.000     0.000    clk
    N15                  IBUF (Prop_ibuf_I_O)         0.380     0.380 r  clk_IBUF_inst/O
                         net (fo=1, routed)           0.689     1.068    clk_IBUF
    BUFGCTRL_X0Y0        BUFG (Prop_bufg_I_O)         0.029     1.097 r  clk_IBUF_BUFG_inst/O
                         net (fo=109, routed)         0.855     1.952    clk_IBUF_BUFG
    SLICE_X0Y29          FDCE                                         r  count_reg[3]/C
                         clock pessimism             -0.501     1.450    
    SLICE_X0Y29          FDCE (Hold_fdce_C_D)         0.107     1.557    count_reg[3]
  -------------------------------------------------------------------
                         required time                         -1.557    
                         arrival time                           1.819    
  -------------------------------------------------------------------
                         slack                                  0.262    

Slack (MET) :             0.263ns  (arrival time - required time)
  Source:                 sign_r_reg/C
                            (rising edge-triggered cell FDRE clocked by sys_clk_pin  {rise@0.000ns fall@10.000ns period=20.000ns})
  Destination:            sign_r_reg/D
                            (rising edge-triggered cell FDRE clocked by sys_clk_pin  {rise@0.000ns fall@10.000ns period=20.000ns})
  Path Group:             sys_clk_pin
  Path Type:              Hold (Min at Fast Process Corner)
  Requirement:            0.000ns  (sys_clk_pin rise@0.000ns - sys_clk_pin rise@0.000ns)
  Data Path Delay:        0.354ns  (logic 0.186ns (52.507%)  route 0.168ns (47.493%))
  Logic Levels:           1  (LUT6=1)
  Clock Path Skew:        0.000ns (DCD - SCD - CPR)
    Destination Clock Delay (DCD):    1.953ns
    Source Clock Delay      (SCD):    1.437ns
    Clock Pessimism Removal (CPR):    0.515ns

    Location             Delay type                Incr(ns)  Path(ns)    Netlist Resource(s)
  -------------------------------------------------------------------    -------------------
                         (clock sys_clk_pin rise edge)
                                                      0.000     0.000 r  
    N15                                               0.000     0.000 r  clk (IN)
                         net (fo=0)                   0.000     0.000    clk
    N15                  IBUF (Prop_ibuf_I_O)         0.191     0.191 r  clk_IBUF_inst/O
                         net (fo=1, routed)           0.634     0.825    clk_IBUF
    BUFGCTRL_X0Y0        BUFG (Prop_bufg_I_O)         0.026     0.851 r  clk_IBUF_BUFG_inst/O
                         net (fo=109, routed)         0.587     1.437    clk_IBUF_BUFG
    SLICE_X1Y30          FDRE                                         r  sign_r_reg/C
  -------------------------------------------------------------------    -------------------
    SLICE_X1Y30          FDRE (Prop_fdre_C_Q)         0.141     1.578 r  sign_r_reg/Q
                         net (fo=2, routed)           0.168     1.747    sign_r__0
    SLICE_X1Y30          LUT6 (Prop_lut6_I5_O)        0.045     1.792 r  sign_r_i_1/O
                         net (fo=1, routed)           0.000     1.792    sign_r_i_1_n_0
    SLICE_X1Y30          FDRE                                         r  sign_r_reg/D
  -------------------------------------------------------------------    -------------------

                         (clock sys_clk_pin rise edge)
                                                      0.000     0.000 r  
    N15                                               0.000     0.000 r  clk (IN)
                         net (fo=0)                   0.000     0.000    clk
    N15                  IBUF (Prop_ibuf_I_O)         0.380     0.380 r  clk_IBUF_inst/O
                         net (fo=1, routed)           0.689     1.068    clk_IBUF
    BUFGCTRL_X0Y0        BUFG (Prop_bufg_I_O)         0.029     1.097 r  clk_IBUF_BUFG_inst/O
                         net (fo=109, routed)         0.856     1.953    clk_IBUF_BUFG
    SLICE_X1Y30          FDRE                                         r  sign_r_reg/C
                         clock pessimism             -0.515     1.437    
    SLICE_X1Y30          FDRE (Hold_fdre_C_D)         0.091     1.528    sign_r_reg
  -------------------------------------------------------------------
                         required time                         -1.528    
                         arrival time                           1.792    
  -------------------------------------------------------------------
                         slack                                  0.263    

Slack (MET) :             0.264ns  (arrival time - required time)
  Source:                 sign_q_reg/C
                            (rising edge-triggered cell FDRE clocked by sys_clk_pin  {rise@0.000ns fall@10.000ns period=20.000ns})
  Destination:            sign_q_reg/D
                            (rising edge-triggered cell FDRE clocked by sys_clk_pin  {rise@0.000ns fall@10.000ns period=20.000ns})
  Path Group:             sys_clk_pin
  Path Type:              Hold (Min at Fast Process Corner)
  Requirement:            0.000ns  (sys_clk_pin rise@0.000ns - sys_clk_pin rise@0.000ns)
  Data Path Delay:        0.384ns  (logic 0.209ns (54.393%)  route 0.175ns (45.607%))
  Logic Levels:           1  (LUT5=1)
  Clock Path Skew:        0.000ns (DCD - SCD - CPR)
    Destination Clock Delay (DCD):    1.954ns
    Source Clock Delay      (SCD):    1.438ns
    Clock Pessimism Removal (CPR):    0.515ns

    Location             Delay type                Incr(ns)  Path(ns)    Netlist Resource(s)
  -------------------------------------------------------------------    -------------------
                         (clock sys_clk_pin rise edge)
                                                      0.000     0.000 r  
    N15                                               0.000     0.000 r  clk (IN)
                         net (fo=0)                   0.000     0.000    clk
    N15                  IBUF (Prop_ibuf_I_O)         0.191     0.191 r  clk_IBUF_inst/O
                         net (fo=1, routed)           0.634     0.825    clk_IBUF
    BUFGCTRL_X0Y0        BUFG (Prop_bufg_I_O)         0.026     0.851 r  clk_IBUF_BUFG_inst/O
                         net (fo=109, routed)         0.588     1.438    clk_IBUF_BUFG
    SLICE_X2Y31          FDRE                                         r  sign_q_reg/C
  -------------------------------------------------------------------    -------------------
    SLICE_X2Y31          FDRE (Prop_fdre_C_Q)         0.164     1.602 r  sign_q_reg/Q
                         net (fo=3, routed)           0.175     1.778    sign_q__0
    SLICE_X2Y31          LUT5 (Prop_lut5_I4_O)        0.045     1.823 r  sign_q_i_1/O
                         net (fo=1, routed)           0.000     1.823    sign_q_i_1_n_0
    SLICE_X2Y31          FDRE                                         r  sign_q_reg/D
  -------------------------------------------------------------------    -------------------

                         (clock sys_clk_pin rise edge)
                                                      0.000     0.000 r  
    N15                                               0.000     0.000 r  clk (IN)
                         net (fo=0)                   0.000     0.000    clk
    N15                  IBUF (Prop_ibuf_I_O)         0.380     0.380 r  clk_IBUF_inst/O
                         net (fo=1, routed)           0.689     1.068    clk_IBUF
    BUFGCTRL_X0Y0        BUFG (Prop_bufg_I_O)         0.029     1.097 r  clk_IBUF_BUFG_inst/O
                         net (fo=109, routed)         0.857     1.954    clk_IBUF_BUFG
    SLICE_X2Y31          FDRE                                         r  sign_q_reg/C
                         clock pessimism             -0.515     1.438    
    SLICE_X2Y31          FDRE (Hold_fdre_C_D)         0.120     1.558    sign_q_reg
  -------------------------------------------------------------------
                         required time                         -1.558    
                         arrival time                           1.823    
  -------------------------------------------------------------------
                         slack                                  0.264    

Slack (MET) :             0.275ns  (arrival time - required time)
  Source:                 FSM_onehot_state_reg[2]/C
                            (rising edge-triggered cell FDCE clocked by sys_clk_pin  {rise@0.000ns fall@10.000ns period=20.000ns})
  Destination:            FSM_onehot_state_reg[3]/D
                            (rising edge-triggered cell FDCE clocked by sys_clk_pin  {rise@0.000ns fall@10.000ns period=20.000ns})
  Path Group:             sys_clk_pin
  Path Type:              Hold (Min at Fast Process Corner)
  Requirement:            0.000ns  (sys_clk_pin rise@0.000ns - sys_clk_pin rise@0.000ns)
  Data Path Delay:        0.336ns  (logic 0.141ns (42.018%)  route 0.195ns (57.982%))
  Logic Levels:           0  
  Clock Path Skew:        0.000ns (DCD - SCD - CPR)
    Destination Clock Delay (DCD):    1.954ns
    Source Clock Delay      (SCD):    1.438ns
    Clock Pessimism Removal (CPR):    0.515ns

    Location             Delay type                Incr(ns)  Path(ns)    Netlist Resource(s)
  -------------------------------------------------------------------    -------------------
                         (clock sys_clk_pin rise edge)
                                                      0.000     0.000 r  
    N15                                               0.000     0.000 r  clk (IN)
                         net (fo=0)                   0.000     0.000    clk
    N15                  IBUF (Prop_ibuf_I_O)         0.191     0.191 r  clk_IBUF_inst/O
                         net (fo=1, routed)           0.634     0.825    clk_IBUF
    BUFGCTRL_X0Y0        BUFG (Prop_bufg_I_O)         0.026     0.851 r  clk_IBUF_BUFG_inst/O
                         net (fo=109, routed)         0.588     1.438    clk_IBUF_BUFG
    SLICE_X3Y31          FDCE                                         r  FSM_onehot_state_reg[2]/C
  -------------------------------------------------------------------    -------------------
    SLICE_X3Y31          FDCE (Prop_fdce_C_Q)         0.141     1.579 r  FSM_onehot_state_reg[2]/Q
                         net (fo=75, routed)          0.195     1.774    FSM_onehot_state_reg_n_0_[2]
    SLICE_X3Y31          FDCE                                         r  FSM_onehot_state_reg[3]/D
  -------------------------------------------------------------------    -------------------

                         (clock sys_clk_pin rise edge)
                                                      0.000     0.000 r  
    N15                                               0.000     0.000 r  clk (IN)
                         net (fo=0)                   0.000     0.000    clk
    N15                  IBUF (Prop_ibuf_I_O)         0.380     0.380 r  clk_IBUF_inst/O
                         net (fo=1, routed)           0.689     1.068    clk_IBUF
    BUFGCTRL_X0Y0        BUFG (Prop_bufg_I_O)         0.029     1.097 r  clk_IBUF_BUFG_inst/O
                         net (fo=109, routed)         0.857     1.954    clk_IBUF_BUFG
    SLICE_X3Y31          FDCE                                         r  FSM_onehot_state_reg[3]/C
                         clock pessimism             -0.515     1.438    
    SLICE_X3Y31          FDCE (Hold_fdce_C_D)         0.061     1.499    FSM_onehot_state_reg[3]
  -------------------------------------------------------------------
                         required time                         -1.499    
                         arrival time                           1.774    
  -------------------------------------------------------------------
                         slack                                  0.275    

Slack (MET) :             0.275ns  (arrival time - required time)
  Source:                 count_reg[1]/C
                            (rising edge-triggered cell FDCE clocked by sys_clk_pin  {rise@0.000ns fall@10.000ns period=20.000ns})
  Destination:            count_reg[2]/D
                            (rising edge-triggered cell FDCE clocked by sys_clk_pin  {rise@0.000ns fall@10.000ns period=20.000ns})
  Path Group:             sys_clk_pin
  Path Type:              Hold (Min at Fast Process Corner)
  Requirement:            0.000ns  (sys_clk_pin rise@0.000ns - sys_clk_pin rise@0.000ns)
  Data Path Delay:        0.381ns  (logic 0.186ns (48.854%)  route 0.195ns (51.146%))
  Logic Levels:           1  (LUT4=1)
  Clock Path Skew:        0.015ns (DCD - SCD - CPR)
    Destination Clock Delay (DCD):    1.952ns
    Source Clock Delay      (SCD):    1.435ns
    Clock Pessimism Removal (CPR):    0.501ns

    Location             Delay type                Incr(ns)  Path(ns)    Netlist Resource(s)
  -------------------------------------------------------------------    -------------------
                         (clock sys_clk_pin rise edge)
                                                      0.000     0.000 r  
    N15                                               0.000     0.000 r  clk (IN)
                         net (fo=0)                   0.000     0.000    clk
    N15                  IBUF (Prop_ibuf_I_O)         0.191     0.191 r  clk_IBUF_inst/O
                         net (fo=1, routed)           0.634     0.825    clk_IBUF
    BUFGCTRL_X0Y0        BUFG (Prop_bufg_I_O)         0.026     0.851 r  clk_IBUF_BUFG_inst/O
                         net (fo=109, routed)         0.585     1.435    clk_IBUF_BUFG
    SLICE_X0Y28          FDCE                                         r  count_reg[1]/C
  -------------------------------------------------------------------    -------------------
    SLICE_X0Y28          FDCE (Prop_fdce_C_Q)         0.141     1.576 r  count_reg[1]/Q
                         net (fo=6, routed)           0.195     1.771    count_reg_n_0_[1]
    SLICE_X0Y29          LUT4 (Prop_lut4_I2_O)        0.045     1.816 r  count[2]_i_1/O
                         net (fo=1, routed)           0.000     1.816    count[2]_i_1_n_0
    SLICE_X0Y29          FDCE                                         r  count_reg[2]/D
  -------------------------------------------------------------------    -------------------

                         (clock sys_clk_pin rise edge)
                                                      0.000     0.000 r  
    N15                                               0.000     0.000 r  clk (IN)
                         net (fo=0)                   0.000     0.000    clk
    N15                  IBUF (Prop_ibuf_I_O)         0.380     0.380 r  clk_IBUF_inst/O
                         net (fo=1, routed)           0.689     1.068    clk_IBUF
    BUFGCTRL_X0Y0        BUFG (Prop_bufg_I_O)         0.029     1.097 r  clk_IBUF_BUFG_inst/O
                         net (fo=109, routed)         0.855     1.952    clk_IBUF_BUFG
    SLICE_X0Y29          FDCE                                         r  count_reg[2]/C
                         clock pessimism             -0.501     1.450    
    SLICE_X0Y29          FDCE (Hold_fdce_C_D)         0.091     1.541    count_reg[2]
  -------------------------------------------------------------------
                         required time                         -1.541    
                         arrival time                           1.816    
  -------------------------------------------------------------------
                         slack                                  0.275    

Slack (MET) :             0.280ns  (arrival time - required time)
  Source:                 count_reg[1]/C
                            (rising edge-triggered cell FDCE clocked by sys_clk_pin  {rise@0.000ns fall@10.000ns period=20.000ns})
  Destination:            count_reg[1]/D
                            (rising edge-triggered cell FDCE clocked by sys_clk_pin  {rise@0.000ns fall@10.000ns period=20.000ns})
  Path Group:             sys_clk_pin
  Path Type:              Hold (Min at Fast Process Corner)
  Requirement:            0.000ns  (sys_clk_pin rise@0.000ns - sys_clk_pin rise@0.000ns)
  Data Path Delay:        0.371ns  (logic 0.186ns (50.171%)  route 0.185ns (49.829%))
  Logic Levels:           1  (LUT3=1)
  Clock Path Skew:        0.000ns (DCD - SCD - CPR)
    Destination Clock Delay (DCD):    1.951ns
    Source Clock Delay      (SCD):    1.435ns
    Clock Pessimism Removal (CPR):    0.515ns

    Location             Delay type                Incr(ns)  Path(ns)    Netlist Resource(s)
  -------------------------------------------------------------------    -------------------
                         (clock sys_clk_pin rise edge)
                                                      0.000     0.000 r  
    N15                                               0.000     0.000 r  clk (IN)
                         net (fo=0)                   0.000     0.000    clk
    N15                  IBUF (Prop_ibuf_I_O)         0.191     0.191 r  clk_IBUF_inst/O
                         net (fo=1, routed)           0.634     0.825    clk_IBUF
    BUFGCTRL_X0Y0        BUFG (Prop_bufg_I_O)         0.026     0.851 r  clk_IBUF_BUFG_inst/O
                         net (fo=109, routed)         0.585     1.435    clk_IBUF_BUFG
    SLICE_X0Y28          FDCE                                         r  count_reg[1]/C
  -------------------------------------------------------------------    -------------------
    SLICE_X0Y28          FDCE (Prop_fdce_C_Q)         0.141     1.576 r  count_reg[1]/Q
                         net (fo=6, routed)           0.185     1.761    count_reg_n_0_[1]
    SLICE_X0Y28          LUT3 (Prop_lut3_I1_O)        0.045     1.806 r  count[1]_i_1/O
                         net (fo=1, routed)           0.000     1.806    count[1]_i_1_n_0
    SLICE_X0Y28          FDCE                                         r  count_reg[1]/D
  -------------------------------------------------------------------    -------------------

                         (clock sys_clk_pin rise edge)
                                                      0.000     0.000 r  
    N15                                               0.000     0.000 r  clk (IN)
                         net (fo=0)                   0.000     0.000    clk
    N15                  IBUF (Prop_ibuf_I_O)         0.380     0.380 r  clk_IBUF_inst/O
                         net (fo=1, routed)           0.689     1.068    clk_IBUF
    BUFGCTRL_X0Y0        BUFG (Prop_bufg_I_O)         0.029     1.097 r  clk_IBUF_BUFG_inst/O
                         net (fo=109, routed)         0.854     1.951    clk_IBUF_BUFG
    SLICE_X0Y28          FDCE                                         r  count_reg[1]/C
                         clock pessimism             -0.515     1.435    
    SLICE_X0Y28          FDCE (Hold_fdce_C_D)         0.091     1.526    count_reg[1]
  -------------------------------------------------------------------
                         required time                         -1.526    
                         arrival time                           1.806    
  -------------------------------------------------------------------
                         slack                                  0.280    

Slack (MET) :             0.307ns  (arrival time - required time)
  Source:                 FSM_onehot_state_reg[0]/C
                            (rising edge-triggered cell FDPE clocked by sys_clk_pin  {rise@0.000ns fall@10.000ns period=20.000ns})
  Destination:            FSM_onehot_state_reg[1]/D
                            (rising edge-triggered cell FDCE clocked by sys_clk_pin  {rise@0.000ns fall@10.000ns period=20.000ns})
  Path Group:             sys_clk_pin
  Path Type:              Hold (Min at Fast Process Corner)
  Requirement:            0.000ns  (sys_clk_pin rise@0.000ns - sys_clk_pin rise@0.000ns)
  Data Path Delay:        0.336ns  (logic 0.128ns (38.083%)  route 0.208ns (61.917%))
  Logic Levels:           0  
  Clock Path Skew:        0.013ns (DCD - SCD - CPR)
    Destination Clock Delay (DCD):    1.954ns
    Source Clock Delay      (SCD):    1.438ns
    Clock Pessimism Removal (CPR):    0.502ns

    Location             Delay type                Incr(ns)  Path(ns)    Netlist Resource(s)
  -------------------------------------------------------------------    -------------------
                         (clock sys_clk_pin rise edge)
                                                      0.000     0.000 r  
    N15                                               0.000     0.000 r  clk (IN)
                         net (fo=0)                   0.000     0.000    clk
    N15                  IBUF (Prop_ibuf_I_O)         0.191     0.191 r  clk_IBUF_inst/O
                         net (fo=1, routed)           0.634     0.825    clk_IBUF
    BUFGCTRL_X0Y0        BUFG (Prop_bufg_I_O)         0.026     0.851 r  clk_IBUF_BUFG_inst/O
                         net (fo=109, routed)         0.588     1.438    clk_IBUF_BUFG
    SLICE_X0Y31          FDPE                                         r  FSM_onehot_state_reg[0]/C
  -------------------------------------------------------------------    -------------------
    SLICE_X0Y31          FDPE (Prop_fdpe_C_Q)         0.128     1.566 r  FSM_onehot_state_reg[0]/Q
                         net (fo=69, routed)          0.208     1.775    FSM_onehot_state_reg_n_0_[0]
    SLICE_X1Y31          FDCE                                         r  FSM_onehot_state_reg[1]/D
  -------------------------------------------------------------------    -------------------

                         (clock sys_clk_pin rise edge)
                                                      0.000     0.000 r  
    N15                                               0.000     0.000 r  clk (IN)
                         net (fo=0)                   0.000     0.000    clk
    N15                  IBUF (Prop_ibuf_I_O)         0.380     0.380 r  clk_IBUF_inst/O
                         net (fo=1, routed)           0.689     1.068    clk_IBUF
    BUFGCTRL_X0Y0        BUFG (Prop_bufg_I_O)         0.029     1.097 r  clk_IBUF_BUFG_inst/O
                         net (fo=109, routed)         0.857     1.954    clk_IBUF_BUFG
    SLICE_X1Y31          FDCE                                         r  FSM_onehot_state_reg[1]/C
                         clock pessimism             -0.502     1.451    
    SLICE_X1Y31          FDCE (Hold_fdce_C_D)         0.016     1.467    FSM_onehot_state_reg[1]
  -------------------------------------------------------------------
                         required time                         -1.467    
                         arrival time                           1.775    
  -------------------------------------------------------------------
                         slack                                  0.307    

Slack (MET) :             0.313ns  (arrival time - required time)
  Source:                 FSM_onehot_state_reg[1]/C
                            (rising edge-triggered cell FDCE clocked by sys_clk_pin  {rise@0.000ns fall@10.000ns period=20.000ns})
  Destination:            reg_p_reg[31]/D
                            (rising edge-triggered cell FDCE clocked by sys_clk_pin  {rise@0.000ns fall@10.000ns period=20.000ns})
  Path Group:             sys_clk_pin
  Path Type:              Hold (Min at Fast Process Corner)
  Requirement:            0.000ns  (sys_clk_pin rise@0.000ns - sys_clk_pin rise@0.000ns)
  Data Path Delay:        0.419ns  (logic 0.186ns (44.425%)  route 0.233ns (55.575%))
  Logic Levels:           1  (LUT6=1)
  Clock Path Skew:        0.015ns (DCD - SCD - CPR)
    Destination Clock Delay (DCD):    1.955ns
    Source Clock Delay      (SCD):    1.438ns
    Clock Pessimism Removal (CPR):    0.501ns

    Location             Delay type                Incr(ns)  Path(ns)    Netlist Resource(s)
  -------------------------------------------------------------------    -------------------
                         (clock sys_clk_pin rise edge)
                                                      0.000     0.000 r  
    N15                                               0.000     0.000 r  clk (IN)
                         net (fo=0)                   0.000     0.000    clk
    N15                  IBUF (Prop_ibuf_I_O)         0.191     0.191 r  clk_IBUF_inst/O
                         net (fo=1, routed)           0.634     0.825    clk_IBUF
    BUFGCTRL_X0Y0        BUFG (Prop_bufg_I_O)         0.026     0.851 r  clk_IBUF_BUFG_inst/O
                         net (fo=109, routed)         0.588     1.438    clk_IBUF_BUFG
    SLICE_X1Y31          FDCE                                         r  FSM_onehot_state_reg[1]/C
  -------------------------------------------------------------------    -------------------
    SLICE_X1Y31          FDCE (Prop_fdce_C_Q)         0.141     1.579 r  FSM_onehot_state_reg[1]/Q
                         net (fo=8, routed)           0.233     1.812    FSM_onehot_state_reg_n_0_[1]
    SLICE_X1Y32          LUT6 (Prop_lut6_I4_O)        0.045     1.857 r  reg_p[31]_i_2/O
                         net (fo=1, routed)           0.000     1.857    reg_p[31]_i_2_n_0
    SLICE_X1Y32          FDCE                                         r  reg_p_reg[31]/D
  -------------------------------------------------------------------    -------------------

                         (clock sys_clk_pin rise edge)
                                                      0.000     0.000 r  
    N15                                               0.000     0.000 r  clk (IN)
                         net (fo=0)                   0.000     0.000    clk
    N15                  IBUF (Prop_ibuf_I_O)         0.380     0.380 r  clk_IBUF_inst/O
                         net (fo=1, routed)           0.689     1.068    clk_IBUF
    BUFGCTRL_X0Y0        BUFG (Prop_bufg_I_O)         0.029     1.097 r  clk_IBUF_BUFG_inst/O
                         net (fo=109, routed)         0.858     1.955    clk_IBUF_BUFG
    SLICE_X1Y32          FDCE                                         r  reg_p_reg[31]/C
                         clock pessimism             -0.501     1.453    
    SLICE_X1Y32          FDCE (Hold_fdce_C_D)         0.091     1.544    reg_p_reg[31]
  -------------------------------------------------------------------
                         required time                         -1.544    
                         arrival time                           1.857    
  -------------------------------------------------------------------
                         slack                                  0.313    





Pulse Width Checks
--------------------------------------------------------------------------------------
Clock Name:         sys_clk_pin
Waveform(ns):       { 0.000 10.000 }
Period(ns):         20.000
Sources:            { clk }

Check Type        Corner  Lib Pin  Reference Pin  Required(ns)  Actual(ns)  Slack(ns)  Location       Pin
Min Period        n/a     BUFG/I   n/a            2.155         20.000      17.845     BUFGCTRL_X0Y0  clk_IBUF_BUFG_inst/I
Min Period        n/a     FDPE/C   n/a            1.000         20.000      19.000     SLICE_X0Y31    FSM_onehot_state_reg[0]/C
Min Period        n/a     FDCE/C   n/a            1.000         20.000      19.000     SLICE_X1Y31    FSM_onehot_state_reg[1]/C
Min Period        n/a     FDCE/C   n/a            1.000         20.000      19.000     SLICE_X3Y31    FSM_onehot_state_reg[2]/C
Min Period        n/a     FDCE/C   n/a            1.000         20.000      19.000     SLICE_X3Y31    FSM_onehot_state_reg[3]/C
Min Period        n/a     FDCE/C   n/a            1.000         20.000      19.000     SLICE_X0Y31    FSM_onehot_state_reg[4]/C
Min Period        n/a     FDCE/C   n/a            1.000         20.000      19.000     SLICE_X4Y25    count_reg[0]/C
Min Period        n/a     FDCE/C   n/a            1.000         20.000      19.000     SLICE_X0Y28    count_reg[1]/C
Min Period        n/a     FDCE/C   n/a            1.000         20.000      19.000     SLICE_X0Y29    count_reg[2]/C
Min Period        n/a     FDCE/C   n/a            1.000         20.000      19.000     SLICE_X0Y29    count_reg[3]/C
Low Pulse Width   Slow    FDPE/C   n/a            0.500         10.000      9.500      SLICE_X0Y31    FSM_onehot_state_reg[0]/C
Low Pulse Width   Fast    FDPE/C   n/a            0.500         10.000      9.500      SLICE_X0Y31    FSM_onehot_state_reg[0]/C
Low Pulse Width   Slow    FDCE/C   n/a            0.500         10.000      9.500      SLICE_X1Y31    FSM_onehot_state_reg[1]/C
Low Pulse Width   Fast    FDCE/C   n/a            0.500         10.000      9.500      SLICE_X1Y31    FSM_onehot_state_reg[1]/C
Low Pulse Width   Slow    FDCE/C   n/a            0.500         10.000      9.500      SLICE_X3Y31    FSM_onehot_state_reg[2]/C
Low Pulse Width   Fast    FDCE/C   n/a            0.500         10.000      9.500      SLICE_X3Y31    FSM_onehot_state_reg[2]/C
Low Pulse Width   Slow    FDCE/C   n/a            0.500         10.000      9.500      SLICE_X3Y31    FSM_onehot_state_reg[3]/C
Low Pulse Width   Fast    FDCE/C   n/a            0.500         10.000      9.500      SLICE_X3Y31    FSM_onehot_state_reg[3]/C
Low Pulse Width   Slow    FDCE/C   n/a            0.500         10.000      9.500      SLICE_X0Y31    FSM_onehot_state_reg[4]/C
Low Pulse Width   Fast    FDCE/C   n/a            0.500         10.000      9.500      SLICE_X0Y31    FSM_onehot_state_reg[4]/C
High Pulse Width  Slow    FDPE/C   n/a            0.500         10.000      9.500      SLICE_X0Y31    FSM_onehot_state_reg[0]/C
High Pulse Width  Fast    FDPE/C   n/a            0.500         10.000      9.500      SLICE_X0Y31    FSM_onehot_state_reg[0]/C
High Pulse Width  Slow    FDCE/C   n/a            0.500         10.000      9.500      SLICE_X1Y31    FSM_onehot_state_reg[1]/C
High Pulse Width  Fast    FDCE/C   n/a            0.500         10.000      9.500      SLICE_X1Y31    FSM_onehot_state_reg[1]/C
High Pulse Width  Slow    FDCE/C   n/a            0.500         10.000      9.500      SLICE_X3Y31    FSM_onehot_state_reg[2]/C
High Pulse Width  Fast    FDCE/C   n/a            0.500         10.000      9.500      SLICE_X3Y31    FSM_onehot_state_reg[2]/C
High Pulse Width  Slow    FDCE/C   n/a            0.500         10.000      9.500      SLICE_X3Y31    FSM_onehot_state_reg[3]/C
High Pulse Width  Fast    FDCE/C   n/a            0.500         10.000      9.500      SLICE_X3Y31    FSM_onehot_state_reg[3]/C
High Pulse Width  Slow    FDCE/C   n/a            0.500         10.000      9.500      SLICE_X0Y31    FSM_onehot_state_reg[4]/C
High Pulse Width  Fast    FDCE/C   n/a            0.500         10.000      9.500      SLICE_X0Y31    FSM_onehot_state_reg[4]/C



--------------------------------------------------------------------------------------
Path Group:  (none)
From Clock:  
  To Clock:  

Max Delay            32 Endpoints
Min Delay            32 Endpoints
--------------------------------------------------------------------------------------


Max Delay Paths
--------------------------------------------------------------------------------------
Slack:                    inf
  Source:                 m_req[op][1]
                            (input port)
  Destination:            result[1]
                            (output port)
  Path Group:             (none)
  Path Type:              Max at Slow Process Corner
  Data Path Delay:        10.019ns  (logic 3.731ns (37.240%)  route 6.288ns (62.760%))
  Logic Levels:           3  (IBUF=1 LUT5=1 OBUF=1)

    Location             Delay type                Incr(ns)  Path(ns)    Netlist Resource(s)
  -------------------------------------------------------------------    -------------------
    R18                                               0.000     0.000 r  m_req[op][1] (IN)
                         net (fo=0)                   0.000     0.000    m_req[op][1]
    R18                  IBUF (Prop_ibuf_I_O)         0.975     0.975 r  result_OBUF[31]_inst_i_2/O
                         net (fo=67, routed)          3.595     4.570    result_OBUF[31]_inst_i_2_n_0
    SLICE_X3Y24          LUT5 (Prop_lut5_I1_O)        0.124     4.694 r  result_OBUF[1]_inst_i_1/O
                         net (fo=1, routed)           2.693     7.387    result_OBUF[1]
    T10                  OBUF (Prop_obuf_I_O)         2.632    10.019 r  result_OBUF[1]_inst/O
                         net (fo=0)                   0.000    10.019    result[1]
    T10                                                               r  result[1] (OUT)
  -------------------------------------------------------------------    -------------------

Slack:                    inf
  Source:                 m_req[op][0]
                            (input port)
  Destination:            result[10]
                            (output port)
  Path Group:             (none)
  Path Type:              Max at Slow Process Corner
  Data Path Delay:        9.756ns  (logic 3.757ns (38.514%)  route 5.998ns (61.486%))
  Logic Levels:           3  (IBUF=1 LUT5=1 OBUF=1)

    Location             Delay type                Incr(ns)  Path(ns)    Netlist Resource(s)
  -------------------------------------------------------------------    -------------------
    T18                                               0.000     0.000 r  m_req[op][0] (IN)
                         net (fo=0)                   0.000     0.000    m_req[op][0]
    T18                  IBUF (Prop_ibuf_I_O)         0.976     0.976 r  result_OBUF[31]_inst_i_4/O
                         net (fo=67, routed)          3.688     4.664    result_OBUF[31]_inst_i_4_n_0
    SLICE_X2Y25          LUT5 (Prop_lut5_I3_O)        0.124     4.788 r  result_OBUF[10]_inst_i_1/O
                         net (fo=1, routed)           2.310     7.098    result_OBUF[10]
    U12                  OBUF (Prop_obuf_I_O)         2.657     9.756 r  result_OBUF[10]_inst/O
                         net (fo=0)                   0.000     9.756    result[10]
    U12                                                               r  result[10] (OUT)
  -------------------------------------------------------------------    -------------------

Slack:                    inf
  Source:                 m_req[op][1]
                            (input port)
  Destination:            result[2]
                            (output port)
  Path Group:             (none)
  Path Type:              Max at Slow Process Corner
  Data Path Delay:        9.603ns  (logic 3.738ns (38.919%)  route 5.866ns (61.081%))
  Logic Levels:           3  (IBUF=1 LUT5=1 OBUF=1)

    Location             Delay type                Incr(ns)  Path(ns)    Netlist Resource(s)
  -------------------------------------------------------------------    -------------------
    R18                                               0.000     0.000 r  m_req[op][1] (IN)
                         net (fo=0)                   0.000     0.000    m_req[op][1]
    R18                  IBUF (Prop_ibuf_I_O)         0.975     0.975 r  result_OBUF[31]_inst_i_2/O
                         net (fo=67, routed)          3.357     4.331    result_OBUF[31]_inst_i_2_n_0
    SLICE_X2Y25          LUT5 (Prop_lut5_I1_O)        0.124     4.455 r  result_OBUF[2]_inst_i_1/O
                         net (fo=1, routed)           2.509     6.964    result_OBUF[2]
    T9                   OBUF (Prop_obuf_I_O)         2.639     9.603 r  result_OBUF[2]_inst/O
                         net (fo=0)                   0.000     9.603    result[2]
    T9                                                                r  result[2] (OUT)
  -------------------------------------------------------------------    -------------------

Slack:                    inf
  Source:                 m_req[op][2]
                            (input port)
  Destination:            result[3]
                            (output port)
  Path Group:             (none)
  Path Type:              Max at Slow Process Corner
  Data Path Delay:        9.597ns  (logic 3.707ns (38.622%)  route 5.891ns (61.378%))
  Logic Levels:           3  (IBUF=1 LUT5=1 OBUF=1)

    Location             Delay type                Incr(ns)  Path(ns)    Netlist Resource(s)
  -------------------------------------------------------------------    -------------------
    M13                                               0.000     0.000 r  m_req[op][2] (IN)
                         net (fo=0)                   0.000     0.000    m_req[op][2]
    M13                  IBUF (Prop_ibuf_I_O)         0.955     0.955 r  result_OBUF[31]_inst_i_3/O
                         net (fo=327, routed)         3.409     4.364    result_OBUF[31]_inst_i_3_n_0
    SLICE_X3Y24          LUT5 (Prop_lut5_I2_O)        0.124     4.488 r  result_OBUF[3]_inst_i_1/O
                         net (fo=1, routed)           2.482     6.970    result_OBUF[3]
    U13                  OBUF (Prop_obuf_I_O)         2.628     9.597 r  result_OBUF[3]_inst/O
                         net (fo=0)                   0.000     9.597    result[3]
    U13                                                               r  result[3] (OUT)
  -------------------------------------------------------------------    -------------------

Slack:                    inf
  Source:                 m_req[op][2]
                            (input port)
  Destination:            result[5]
                            (output port)
  Path Group:             (none)
  Path Type:              Max at Slow Process Corner
  Data Path Delay:        9.587ns  (logic 3.706ns (38.661%)  route 5.880ns (61.339%))
  Logic Levels:           3  (IBUF=1 LUT5=1 OBUF=1)

    Location             Delay type                Incr(ns)  Path(ns)    Netlist Resource(s)
  -------------------------------------------------------------------    -------------------
    M13                                               0.000     0.000 r  m_req[op][2] (IN)
                         net (fo=0)                   0.000     0.000    m_req[op][2]
    M13                  IBUF (Prop_ibuf_I_O)         0.955     0.955 r  result_OBUF[31]_inst_i_3/O
                         net (fo=327, routed)         3.589     4.544    result_OBUF[31]_inst_i_3_n_0
    SLICE_X2Y24          LUT5 (Prop_lut5_I2_O)        0.124     4.668 r  result_OBUF[5]_inst_i_1/O
                         net (fo=1, routed)           2.292     6.959    result_OBUF[5]
    V14                  OBUF (Prop_obuf_I_O)         2.627     9.587 r  result_OBUF[5]_inst/O
                         net (fo=0)                   0.000     9.587    result[5]
    V14                                                               r  result[5] (OUT)
  -------------------------------------------------------------------    -------------------

Slack:                    inf
  Source:                 m_req[op][2]
                            (input port)
  Destination:            result[8]
                            (output port)
  Path Group:             (none)
  Path Type:              Max at Slow Process Corner
  Data Path Delay:        9.564ns  (logic 3.721ns (38.908%)  route 5.843ns (61.092%))
  Logic Levels:           3  (IBUF=1 LUT5=1 OBUF=1)

    Location             Delay type                Incr(ns)  Path(ns)    Netlist Resource(s)
  -------------------------------------------------------------------    -------------------
    M13                                               0.000     0.000 r  m_req[op][2] (IN)
                         net (fo=0)                   0.000     0.000    m_req[op][2]
    M13                  IBUF (Prop_ibuf_I_O)         0.955     0.955 r  result_OBUF[31]_inst_i_3/O
                         net (fo=327, routed)         3.579     4.534    result_OBUF[31]_inst_i_3_n_0
    SLICE_X2Y24          LUT5 (Prop_lut5_I2_O)        0.124     4.658 r  result_OBUF[8]_inst_i_1/O
                         net (fo=1, routed)           2.264     6.922    result_OBUF[8]
    V10                  OBUF (Prop_obuf_I_O)         2.642     9.564 r  result_OBUF[8]_inst/O
                         net (fo=0)                   0.000     9.564    result[8]
    V10                                                               r  result[8] (OUT)
  -------------------------------------------------------------------    -------------------

Slack:                    inf
  Source:                 m_req[op][2]
                            (input port)
  Destination:            result[4]
                            (output port)
  Path Group:             (none)
  Path Type:              Max at Slow Process Corner
  Data Path Delay:        9.443ns  (logic 3.708ns (39.265%)  route 5.735ns (60.735%))
  Logic Levels:           3  (IBUF=1 LUT5=1 OBUF=1)

    Location             Delay type                Incr(ns)  Path(ns)    Netlist Resource(s)
  -------------------------------------------------------------------    -------------------
    M13                                               0.000     0.000 r  m_req[op][2] (IN)
                         net (fo=0)                   0.000     0.000    m_req[op][2]
    M13                  IBUF (Prop_ibuf_I_O)         0.955     0.955 r  result_OBUF[31]_inst_i_3/O
                         net (fo=327, routed)         3.404     4.359    result_OBUF[31]_inst_i_3_n_0
    SLICE_X3Y24          LUT5 (Prop_lut5_I2_O)        0.124     4.483 r  result_OBUF[4]_inst_i_1/O
                         net (fo=1, routed)           2.331     6.814    result_OBUF[4]
    T13                  OBUF (Prop_obuf_I_O)         2.629     9.443 r  result_OBUF[4]_inst/O
                         net (fo=0)                   0.000     9.443    result[4]
    T13                                                               r  result[4] (OUT)
  -------------------------------------------------------------------    -------------------

Slack:                    inf
  Source:                 m_req[op][1]
                            (input port)
  Destination:            result[7]
                            (output port)
  Path Group:             (none)
  Path Type:              Max at Slow Process Corner
  Data Path Delay:        9.277ns  (logic 3.739ns (40.306%)  route 5.538ns (59.694%))
  Logic Levels:           3  (IBUF=1 LUT5=1 OBUF=1)

    Location             Delay type                Incr(ns)  Path(ns)    Netlist Resource(s)
  -------------------------------------------------------------------    -------------------
    R18                                               0.000     0.000 r  m_req[op][1] (IN)
                         net (fo=0)                   0.000     0.000    m_req[op][1]
    R18                  IBUF (Prop_ibuf_I_O)         0.975     0.975 r  result_OBUF[31]_inst_i_2/O
                         net (fo=67, routed)          3.186     4.161    result_OBUF[31]_inst_i_2_n_0
    SLICE_X1Y27          LUT5 (Prop_lut5_I1_O)        0.124     4.285 r  result_OBUF[7]_inst_i_1/O
                         net (fo=1, routed)           2.352     6.637    result_OBUF[7]
    V11                  OBUF (Prop_obuf_I_O)         2.641     9.277 r  result_OBUF[7]_inst/O
                         net (fo=0)                   0.000     9.277    result[7]
    V11                                                               r  result[7] (OUT)
  -------------------------------------------------------------------    -------------------

Slack:                    inf
  Source:                 m_req[op][1]
                            (input port)
  Destination:            result[9]
                            (output port)
  Path Group:             (none)
  Path Type:              Max at Slow Process Corner
  Data Path Delay:        9.255ns  (logic 3.753ns (40.548%)  route 5.502ns (59.452%))
  Logic Levels:           3  (IBUF=1 LUT5=1 OBUF=1)

    Location             Delay type                Incr(ns)  Path(ns)    Netlist Resource(s)
  -------------------------------------------------------------------    -------------------
    R18                                               0.000     0.000 r  m_req[op][1] (IN)
                         net (fo=0)                   0.000     0.000    m_req[op][1]
    R18                  IBUF (Prop_ibuf_I_O)         0.975     0.975 r  result_OBUF[31]_inst_i_2/O
                         net (fo=67, routed)          3.188     4.163    result_OBUF[31]_inst_i_2_n_0
    SLICE_X1Y27          LUT5 (Prop_lut5_I1_O)        0.124     4.287 r  result_OBUF[9]_inst_i_1/O
                         net (fo=1, routed)           2.314     6.601    result_OBUF[9]
    V12                  OBUF (Prop_obuf_I_O)         2.654     9.255 r  result_OBUF[9]_inst/O
                         net (fo=0)                   0.000     9.255    result[9]
    V12                                                               r  result[9] (OUT)
  -------------------------------------------------------------------    -------------------

Slack:                    inf
  Source:                 m_req[op][1]
                            (input port)
  Destination:            result[0]
                            (output port)
  Path Group:             (none)
  Path Type:              Max at Slow Process Corner
  Data Path Delay:        9.240ns  (logic 3.727ns (40.338%)  route 5.513ns (59.662%))
  Logic Levels:           3  (IBUF=1 LUT5=1 OBUF=1)

    Location             Delay type                Incr(ns)  Path(ns)    Netlist Resource(s)
  -------------------------------------------------------------------    -------------------
    R18                                               0.000     0.000 r  m_req[op][1] (IN)
                         net (fo=0)                   0.000     0.000    m_req[op][1]
    R18                  IBUF (Prop_ibuf_I_O)         0.975     0.975 r  result_OBUF[31]_inst_i_2/O
                         net (fo=67, routed)          2.656     3.631    result_OBUF[31]_inst_i_2_n_0
    SLICE_X2Y30          LUT5 (Prop_lut5_I1_O)        0.124     3.755 r  result_OBUF[0]_inst_i_1/O
                         net (fo=1, routed)           2.857     6.611    result_OBUF[0]
    R10                  OBUF (Prop_obuf_I_O)         2.629     9.240 r  result_OBUF[0]_inst/O
                         net (fo=0)                   0.000     9.240    result[0]
    R10                                                               r  result[0] (OUT)
  -------------------------------------------------------------------    -------------------





Min Delay Paths
--------------------------------------------------------------------------------------
Slack:                    inf
  Source:                 m_req[op][2]
                            (input port)
  Destination:            result[31]
                            (output port)
  Path Group:             (none)
  Path Type:              Min at Fast Process Corner
  Data Path Delay:        2.410ns  (logic 1.364ns (56.603%)  route 1.046ns (43.397%))
  Logic Levels:           3  (IBUF=1 LUT5=1 OBUF=1)

    Location             Delay type                Incr(ns)  Path(ns)    Netlist Resource(s)
  -------------------------------------------------------------------    -------------------
    M13                                               0.000     0.000 r  m_req[op][2] (IN)
                         net (fo=0)                   0.000     0.000    m_req[op][2]
    M13                  IBUF (Prop_ibuf_I_O)         0.184     0.184 r  result_OBUF[31]_inst_i_3/O
                         net (fo=327, routed)         0.663     0.847    result_OBUF[31]_inst_i_3_n_0
    SLICE_X0Y33          LUT5 (Prop_lut5_I2_O)        0.045     0.892 r  result_OBUF[31]_inst_i_1/O
                         net (fo=1, routed)           0.383     1.275    result_OBUF[31]
    N17                  OBUF (Prop_obuf_I_O)         1.135     2.410 r  result_OBUF[31]_inst/O
                         net (fo=0)                   0.000     2.410    result[31]
    N17                                                               r  result[31] (OUT)
  -------------------------------------------------------------------    -------------------

Slack:                    inf
  Source:                 m_req[op][2]
                            (input port)
  Destination:            result[30]
                            (output port)
  Path Group:             (none)
  Path Type:              Min at Fast Process Corner
  Data Path Delay:        2.494ns  (logic 1.370ns (54.955%)  route 1.123ns (45.045%))
  Logic Levels:           3  (IBUF=1 LUT5=1 OBUF=1)

    Location             Delay type                Incr(ns)  Path(ns)    Netlist Resource(s)
  -------------------------------------------------------------------    -------------------
    M13                                               0.000     0.000 r  m_req[op][2] (IN)
                         net (fo=0)                   0.000     0.000    m_req[op][2]
    M13                  IBUF (Prop_ibuf_I_O)         0.184     0.184 r  result_OBUF[31]_inst_i_3/O
                         net (fo=327, routed)         0.798     0.982    result_OBUF[31]_inst_i_3_n_0
    SLICE_X1Y32          LUT5 (Prop_lut5_I2_O)        0.045     1.027 r  result_OBUF[30]_inst_i_1/O
                         net (fo=1, routed)           0.325     1.352    result_OBUF[30]
    P18                  OBUF (Prop_obuf_I_O)         1.141     2.494 r  result_OBUF[30]_inst/O
                         net (fo=0)                   0.000     2.494    result[30]
    P18                                                               r  result[30] (OUT)
  -------------------------------------------------------------------    -------------------

Slack:                    inf
  Source:                 m_req[op][2]
                            (input port)
  Destination:            result[26]
                            (output port)
  Path Group:             (none)
  Path Type:              Min at Fast Process Corner
  Data Path Delay:        2.506ns  (logic 1.372ns (54.751%)  route 1.134ns (45.249%))
  Logic Levels:           3  (IBUF=1 LUT5=1 OBUF=1)

    Location             Delay type                Incr(ns)  Path(ns)    Netlist Resource(s)
  -------------------------------------------------------------------    -------------------
    M13                                               0.000     0.000 r  m_req[op][2] (IN)
                         net (fo=0)                   0.000     0.000    m_req[op][2]
    M13                  IBUF (Prop_ibuf_I_O)         0.184     0.184 r  result_OBUF[31]_inst_i_3/O
                         net (fo=327, routed)         0.701     0.885    result_OBUF[31]_inst_i_3_n_0
    SLICE_X2Y32          LUT5 (Prop_lut5_I2_O)        0.045     0.930 r  result_OBUF[26]_inst_i_1/O
                         net (fo=1, routed)           0.433     1.363    result_OBUF[26]
    P17                  OBUF (Prop_obuf_I_O)         1.143     2.506 r  result_OBUF[26]_inst/O
                         net (fo=0)                   0.000     2.506    result[26]
    P17                                                               r  result[26] (OUT)
  -------------------------------------------------------------------    -------------------

Slack:                    inf
  Source:                 m_req[op][2]
                            (input port)
  Destination:            result[28]
                            (output port)
  Path Group:             (none)
  Path Type:              Min at Fast Process Corner
  Data Path Delay:        2.629ns  (logic 1.358ns (51.665%)  route 1.271ns (48.335%))
  Logic Levels:           3  (IBUF=1 LUT5=1 OBUF=1)

    Location             Delay type                Incr(ns)  Path(ns)    Netlist Resource(s)
  -------------------------------------------------------------------    -------------------
    M13                                               0.000     0.000 r  m_req[op][2] (IN)
                         net (fo=0)                   0.000     0.000    m_req[op][2]
    M13                  IBUF (Prop_ibuf_I_O)         0.184     0.184 r  result_OBUF[31]_inst_i_3/O
                         net (fo=327, routed)         0.879     1.063    result_OBUF[31]_inst_i_3_n_0
    SLICE_X1Y31          LUT5 (Prop_lut5_I2_O)        0.045     1.108 r  result_OBUF[28]_inst_i_1/O
                         net (fo=1, routed)           0.392     1.500    result_OBUF[28]
    M17                  OBUF (Prop_obuf_I_O)         1.129     2.629 r  result_OBUF[28]_inst/O
                         net (fo=0)                   0.000     2.629    result[28]
    M17                                                               r  result[28] (OUT)
  -------------------------------------------------------------------    -------------------

Slack:                    inf
  Source:                 m_req[op][2]
                            (input port)
  Destination:            result[27]
                            (output port)
  Path Group:             (none)
  Path Type:              Min at Fast Process Corner
  Data Path Delay:        2.675ns  (logic 1.370ns (51.199%)  route 1.305ns (48.801%))
  Logic Levels:           3  (IBUF=1 LUT5=1 OBUF=1)

    Location             Delay type                Incr(ns)  Path(ns)    Netlist Resource(s)
  -------------------------------------------------------------------    -------------------
    M13                                               0.000     0.000 r  m_req[op][2] (IN)
                         net (fo=0)                   0.000     0.000    m_req[op][2]
    M13                  IBUF (Prop_ibuf_I_O)         0.184     0.184 r  result_OBUF[31]_inst_i_3/O
                         net (fo=327, routed)         0.902     1.086    result_OBUF[31]_inst_i_3_n_0
    SLICE_X2Y30          LUT5 (Prop_lut5_I2_O)        0.045     1.131 r  result_OBUF[27]_inst_i_1/O
                         net (fo=1, routed)           0.404     1.534    result_OBUF[27]
    N16                  OBUF (Prop_obuf_I_O)         1.141     2.675 r  result_OBUF[27]_inst/O
                         net (fo=0)                   0.000     2.675    result[27]
    N16                                                               r  result[27] (OUT)
  -------------------------------------------------------------------    -------------------

Slack:                    inf
  Source:                 m_req[op][0]
                            (input port)
  Destination:            result[25]
                            (output port)
  Path Group:             (none)
  Path Type:              Min at Fast Process Corner
  Data Path Delay:        2.683ns  (logic 1.389ns (51.762%)  route 1.294ns (48.238%))
  Logic Levels:           3  (IBUF=1 LUT5=1 OBUF=1)

    Location             Delay type                Incr(ns)  Path(ns)    Netlist Resource(s)
  -------------------------------------------------------------------    -------------------
    T18                                               0.000     0.000 r  m_req[op][0] (IN)
                         net (fo=0)                   0.000     0.000    m_req[op][0]
    T18                  IBUF (Prop_ibuf_I_O)         0.205     0.205 r  result_OBUF[31]_inst_i_4/O
                         net (fo=67, routed)          0.881     1.086    result_OBUF[31]_inst_i_4_n_0
    SLICE_X2Y31          LUT5 (Prop_lut5_I3_O)        0.045     1.131 r  result_OBUF[25]_inst_i_1/O
                         net (fo=1, routed)           0.413     1.544    result_OBUF[25]
    R17                  OBUF (Prop_obuf_I_O)         1.139     2.683 r  result_OBUF[25]_inst/O
                         net (fo=0)                   0.000     2.683    result[25]
    R17                                                               r  result[25] (OUT)
  -------------------------------------------------------------------    -------------------

Slack:                    inf
  Source:                 m_req[op][0]
                            (input port)
  Destination:            result[29]
                            (output port)
  Path Group:             (none)
  Path Type:              Min at Fast Process Corner
  Data Path Delay:        2.688ns  (logic 1.378ns (51.246%)  route 1.311ns (48.754%))
  Logic Levels:           3  (IBUF=1 LUT5=1 OBUF=1)

    Location             Delay type                Incr(ns)  Path(ns)    Netlist Resource(s)
  -------------------------------------------------------------------    -------------------
    T18                                               0.000     0.000 r  m_req[op][0] (IN)
                         net (fo=0)                   0.000     0.000    m_req[op][0]
    T18                  IBUF (Prop_ibuf_I_O)         0.205     0.205 r  result_OBUF[31]_inst_i_4/O
                         net (fo=67, routed)          0.929     1.134    result_OBUF[31]_inst_i_4_n_0
    SLICE_X2Y31          LUT5 (Prop_lut5_I3_O)        0.045     1.179 r  result_OBUF[29]_inst_i_1/O
                         net (fo=1, routed)           0.382     1.560    result_OBUF[29]
    M16                  OBUF (Prop_obuf_I_O)         1.128     2.688 r  result_OBUF[29]_inst/O
                         net (fo=0)                   0.000     2.688    result[29]
    M16                                                               r  result[29] (OUT)
  -------------------------------------------------------------------    -------------------

Slack:                    inf
  Source:                 m_req[op][2]
                            (input port)
  Destination:            result[22]
                            (output port)
  Path Group:             (none)
  Path Type:              Min at Fast Process Corner
  Data Path Delay:        2.752ns  (logic 1.376ns (49.997%)  route 1.376ns (50.003%))
  Logic Levels:           3  (IBUF=1 LUT5=1 OBUF=1)

    Location             Delay type                Incr(ns)  Path(ns)    Netlist Resource(s)
  -------------------------------------------------------------------    -------------------
    M13                                               0.000     0.000 r  m_req[op][2] (IN)
                         net (fo=0)                   0.000     0.000    m_req[op][2]
    M13                  IBUF (Prop_ibuf_I_O)         0.184     0.184 r  result_OBUF[31]_inst_i_3/O
                         net (fo=327, routed)         0.916     1.100    result_OBUF[31]_inst_i_3_n_0
    SLICE_X1Y30          LUT5 (Prop_lut5_I2_O)        0.045     1.145 r  result_OBUF[22]_inst_i_1/O
                         net (fo=1, routed)           0.460     1.605    result_OBUF[22]
    T14                  OBUF (Prop_obuf_I_O)         1.147     2.752 r  result_OBUF[22]_inst/O
                         net (fo=0)                   0.000     2.752    result[22]
    T14                                                               r  result[22] (OUT)
  -------------------------------------------------------------------    -------------------

Slack:                    inf
  Source:                 m_req[op][2]
                            (input port)
  Destination:            result[24]
                            (output port)
  Path Group:             (none)
  Path Type:              Min at Fast Process Corner
  Data Path Delay:        2.784ns  (logic 1.357ns (48.728%)  route 1.428ns (51.272%))
  Logic Levels:           3  (IBUF=1 LUT5=1 OBUF=1)

    Location             Delay type                Incr(ns)  Path(ns)    Netlist Resource(s)
  -------------------------------------------------------------------    -------------------
    M13                                               0.000     0.000 r  m_req[op][2] (IN)
                         net (fo=0)                   0.000     0.000    m_req[op][2]
    M13                  IBUF (Prop_ibuf_I_O)         0.184     0.184 r  result_OBUF[31]_inst_i_3/O
                         net (fo=327, routed)         0.980     1.164    result_OBUF[31]_inst_i_3_n_0
    SLICE_X1Y30          LUT5 (Prop_lut5_I2_O)        0.045     1.209 r  result_OBUF[24]_inst_i_1/O
                         net (fo=1, routed)           0.448     1.657    result_OBUF[24]
    P15                  OBUF (Prop_obuf_I_O)         1.128     2.784 r  result_OBUF[24]_inst/O
                         net (fo=0)                   0.000     2.784    result[24]
    P15                                                               r  result[24] (OUT)
  -------------------------------------------------------------------    -------------------

Slack:                    inf
  Source:                 m_req[op][2]
                            (input port)
  Destination:            result[21]
                            (output port)
  Path Group:             (none)
  Path Type:              Min at Fast Process Corner
  Data Path Delay:        2.794ns  (logic 1.375ns (49.222%)  route 1.419ns (50.778%))
  Logic Levels:           3  (IBUF=1 LUT5=1 OBUF=1)

    Location             Delay type                Incr(ns)  Path(ns)    Netlist Resource(s)
  -------------------------------------------------------------------    -------------------
    M13                                               0.000     0.000 r  m_req[op][2] (IN)
                         net (fo=0)                   0.000     0.000    m_req[op][2]
    M13                  IBUF (Prop_ibuf_I_O)         0.184     0.184 r  result_OBUF[31]_inst_i_3/O
                         net (fo=327, routed)         0.904     1.088    result_OBUF[31]_inst_i_3_n_0
    SLICE_X2Y30          LUT5 (Prop_lut5_I2_O)        0.045     1.133 r  result_OBUF[21]_inst_i_1/O
                         net (fo=1, routed)           0.515     1.648    result_OBUF[21]
    T15                  OBUF (Prop_obuf_I_O)         1.146     2.794 r  result_OBUF[21]_inst/O
                         net (fo=0)                   0.000     2.794    result[21]
    T15                                                               r  result[21] (OUT)
  -------------------------------------------------------------------    -------------------





--------------------------------------------------------------------------------------
Path Group:  (none)
From Clock:  sys_clk_pin
  To Clock:  

Max Delay            34 Endpoints
Min Delay            34 Endpoints
--------------------------------------------------------------------------------------


Max Delay Paths
--------------------------------------------------------------------------------------
Slack:                    inf
  Source:                 reg_p_reg[34]/C
                            (rising edge-triggered cell FDCE clocked by sys_clk_pin  {rise@0.000ns fall@10.000ns period=20.000ns})
  Destination:            result[2]
                            (output port)
  Path Group:             (none)
  Path Type:              Max at Slow Process Corner
  Data Path Delay:        7.987ns  (logic 3.281ns (41.079%)  route 4.706ns (58.921%))
  Logic Levels:           2  (LUT5=1 OBUF=1)
  Clock Uncertainty:      0.025ns  ((TSJ^2 + TIJ^2)^1/2 + DJ) / 2 + PE
    Total System Jitter     (TSJ):    0.050ns
    Total Input Jitter      (TIJ):    0.000ns
    Discrete Jitter          (DJ):    0.000ns
    Phase Error              (PE):    0.000ns

    Location             Delay type                Incr(ns)  Path(ns)    Netlist Resource(s)
  -------------------------------------------------------------------    -------------------
                         (clock sys_clk_pin rise edge)
                                                      0.000     0.000 r  
    N15                                               0.000     0.000 r  clk (IN)
                         net (fo=0)                   0.000     0.000    clk
    N15                  IBUF (Prop_ibuf_I_O)         0.962     0.962 r  clk_IBUF_inst/O
                         net (fo=1, routed)           1.972     2.933    clk_IBUF
    BUFGCTRL_X0Y0        BUFG (Prop_bufg_I_O)         0.096     3.029 r  clk_IBUF_BUFG_inst/O
                         net (fo=109, routed)         1.560     4.590    clk_IBUF_BUFG
    SLICE_X10Y32         FDCE                                         r  reg_p_reg[34]/C
  -------------------------------------------------------------------    -------------------
    SLICE_X10Y32         FDCE (Prop_fdce_C_Q)         0.518     5.108 r  reg_p_reg[34]/Q
                         net (fo=11, routed)          2.197     7.305    p_1_in[2]
    SLICE_X2Y25          LUT5 (Prop_lut5_I4_O)        0.124     7.429 r  result_OBUF[2]_inst_i_1/O
                         net (fo=1, routed)           2.509     9.938    result_OBUF[2]
    T9                   OBUF (Prop_obuf_I_O)         2.639    12.577 r  result_OBUF[2]_inst/O
                         net (fo=0)                   0.000    12.577    result[2]
    T9                                                                r  result[2] (OUT)
  -------------------------------------------------------------------    -------------------

Slack:                    inf
  Source:                 FSM_onehot_state_reg[0]/C
                            (rising edge-triggered cell FDPE clocked by sys_clk_pin  {rise@0.000ns fall@10.000ns period=20.000ns})
  Destination:            busy
                            (output port)
  Path Group:             (none)
  Path Type:              Max at Slow Process Corner
  Data Path Delay:        7.822ns  (logic 3.582ns (45.795%)  route 4.240ns (54.205%))
  Logic Levels:           2  (LUT1=1 OBUF=1)
  Clock Uncertainty:      0.025ns  ((TSJ^2 + TIJ^2)^1/2 + DJ) / 2 + PE
    Total System Jitter     (TSJ):    0.050ns
    Total Input Jitter      (TIJ):    0.000ns
    Discrete Jitter          (DJ):    0.000ns
    Phase Error              (PE):    0.000ns

    Location             Delay type                Incr(ns)  Path(ns)    Netlist Resource(s)
  -------------------------------------------------------------------    -------------------
                         (clock sys_clk_pin rise edge)
                                                      0.000     0.000 r  
    N15                                               0.000     0.000 r  clk (IN)
                         net (fo=0)                   0.000     0.000    clk
    N15                  IBUF (Prop_ibuf_I_O)         0.962     0.962 r  clk_IBUF_inst/O
                         net (fo=1, routed)           1.972     2.933    clk_IBUF
    BUFGCTRL_X0Y0        BUFG (Prop_bufg_I_O)         0.096     3.029 r  clk_IBUF_BUFG_inst/O
                         net (fo=109, routed)         1.627     4.657    clk_IBUF_BUFG
    SLICE_X0Y31          FDPE                                         r  FSM_onehot_state_reg[0]/C
  -------------------------------------------------------------------    -------------------
    SLICE_X0Y31          FDPE (Prop_fdpe_C_Q)         0.419     5.076 f  FSM_onehot_state_reg[0]/Q
                         net (fo=69, routed)          2.188     7.264    FSM_onehot_state_reg_n_0_[0]
    SLICE_X4Y40          LUT1 (Prop_lut1_I0_O)        0.327     7.591 r  busy_OBUF_inst_i_1/O
                         net (fo=1, routed)           2.051     9.643    busy_OBUF
    P14                  OBUF (Prop_obuf_I_O)         2.836    12.478 r  busy_OBUF_inst/O
                         net (fo=0)                   0.000    12.478    busy
    P14                                                               r  busy (OUT)
  -------------------------------------------------------------------    -------------------

Slack:                    inf
  Source:                 reg_p_reg[33]/C
                            (rising edge-triggered cell FDCE clocked by sys_clk_pin  {rise@0.000ns fall@10.000ns period=20.000ns})
  Destination:            result[1]
                            (output port)
  Path Group:             (none)
  Path Type:              Max at Slow Process Corner
  Data Path Delay:        7.799ns  (logic 3.212ns (41.192%)  route 4.586ns (58.808%))
  Logic Levels:           2  (LUT5=1 OBUF=1)
  Clock Uncertainty:      0.025ns  ((TSJ^2 + TIJ^2)^1/2 + DJ) / 2 + PE
    Total System Jitter     (TSJ):    0.050ns
    Total Input Jitter      (TIJ):    0.000ns
    Discrete Jitter          (DJ):    0.000ns
    Phase Error              (PE):    0.000ns

    Location             Delay type                Incr(ns)  Path(ns)    Netlist Resource(s)
  -------------------------------------------------------------------    -------------------
                         (clock sys_clk_pin rise edge)
                                                      0.000     0.000 r  
    N15                                               0.000     0.000 r  clk (IN)
                         net (fo=0)                   0.000     0.000    clk
    N15                  IBUF (Prop_ibuf_I_O)         0.962     0.962 r  clk_IBUF_inst/O
                         net (fo=1, routed)           1.972     2.933    clk_IBUF
    BUFGCTRL_X0Y0        BUFG (Prop_bufg_I_O)         0.096     3.029 r  clk_IBUF_BUFG_inst/O
                         net (fo=109, routed)         1.558     4.588    clk_IBUF_BUFG
    SLICE_X9Y31          FDCE                                         r  reg_p_reg[33]/C
  -------------------------------------------------------------------    -------------------
    SLICE_X9Y31          FDCE (Prop_fdce_C_Q)         0.456     5.044 r  reg_p_reg[33]/Q
                         net (fo=11, routed)          1.894     6.937    p_1_in[1]
    SLICE_X3Y24          LUT5 (Prop_lut5_I4_O)        0.124     7.061 r  result_OBUF[1]_inst_i_1/O
                         net (fo=1, routed)           2.693     9.754    result_OBUF[1]
    T10                  OBUF (Prop_obuf_I_O)         2.632    12.386 r  result_OBUF[1]_inst/O
                         net (fo=0)                   0.000    12.386    result[1]
    T10                                                               r  result[1] (OUT)
  -------------------------------------------------------------------    -------------------

Slack:                    inf
  Source:                 reg_p_reg[42]/C
                            (rising edge-triggered cell FDCE clocked by sys_clk_pin  {rise@0.000ns fall@10.000ns period=20.000ns})
  Destination:            result[10]
                            (output port)
  Path Group:             (none)
  Path Type:              Max at Slow Process Corner
  Data Path Delay:        7.515ns  (logic 3.237ns (43.076%)  route 4.278ns (56.924%))
  Logic Levels:           2  (LUT5=1 OBUF=1)
  Clock Uncertainty:      0.025ns  ((TSJ^2 + TIJ^2)^1/2 + DJ) / 2 + PE
    Total System Jitter     (TSJ):    0.050ns
    Total Input Jitter      (TIJ):    0.000ns
    Discrete Jitter          (DJ):    0.000ns
    Phase Error              (PE):    0.000ns

    Location             Delay type                Incr(ns)  Path(ns)    Netlist Resource(s)
  -------------------------------------------------------------------    -------------------
                         (clock sys_clk_pin rise edge)
                                                      0.000     0.000 r  
    N15                                               0.000     0.000 r  clk (IN)
                         net (fo=0)                   0.000     0.000    clk
    N15                  IBUF (Prop_ibuf_I_O)         0.962     0.962 r  clk_IBUF_inst/O
                         net (fo=1, routed)           1.972     2.933    clk_IBUF
    BUFGCTRL_X0Y0        BUFG (Prop_bufg_I_O)         0.096     3.029 r  clk_IBUF_BUFG_inst/O
                         net (fo=109, routed)         1.562     4.592    clk_IBUF_BUFG
    SLICE_X9Y34          FDCE                                         r  reg_p_reg[42]/C
  -------------------------------------------------------------------    -------------------
    SLICE_X9Y34          FDCE (Prop_fdce_C_Q)         0.456     5.048 r  reg_p_reg[42]/Q
                         net (fo=11, routed)          1.968     7.015    p_1_in[10]
    SLICE_X2Y25          LUT5 (Prop_lut5_I4_O)        0.124     7.139 r  result_OBUF[10]_inst_i_1/O
                         net (fo=1, routed)           2.310     9.450    result_OBUF[10]
    U12                  OBUF (Prop_obuf_I_O)         2.657    12.107 r  result_OBUF[10]_inst/O
                         net (fo=0)                   0.000    12.107    result[10]
    U12                                                               r  result[10] (OUT)
  -------------------------------------------------------------------    -------------------

Slack:                    inf
  Source:                 reg_p_reg[35]/C
                            (rising edge-triggered cell FDCE clocked by sys_clk_pin  {rise@0.000ns fall@10.000ns period=20.000ns})
  Destination:            result[3]
                            (output port)
  Path Group:             (none)
  Path Type:              Max at Slow Process Corner
  Data Path Delay:        7.378ns  (logic 3.270ns (44.318%)  route 4.108ns (55.682%))
  Logic Levels:           2  (LUT5=1 OBUF=1)
  Clock Uncertainty:      0.025ns  ((TSJ^2 + TIJ^2)^1/2 + DJ) / 2 + PE
    Total System Jitter     (TSJ):    0.050ns
    Total Input Jitter      (TIJ):    0.000ns
    Discrete Jitter          (DJ):    0.000ns
    Phase Error              (PE):    0.000ns

    Location             Delay type                Incr(ns)  Path(ns)    Netlist Resource(s)
  -------------------------------------------------------------------    -------------------
                         (clock sys_clk_pin rise edge)
                                                      0.000     0.000 r  
    N15                                               0.000     0.000 r  clk (IN)
                         net (fo=0)                   0.000     0.000    clk
    N15                  IBUF (Prop_ibuf_I_O)         0.962     0.962 r  clk_IBUF_inst/O
                         net (fo=1, routed)           1.972     2.933    clk_IBUF
    BUFGCTRL_X0Y0        BUFG (Prop_bufg_I_O)         0.096     3.029 r  clk_IBUF_BUFG_inst/O
                         net (fo=109, routed)         1.560     4.590    clk_IBUF_BUFG
    SLICE_X10Y32         FDCE                                         r  reg_p_reg[35]/C
  -------------------------------------------------------------------    -------------------
    SLICE_X10Y32         FDCE (Prop_fdce_C_Q)         0.518     5.108 r  reg_p_reg[35]/Q
                         net (fo=11, routed)          1.626     6.734    p_1_in[3]
    SLICE_X3Y24          LUT5 (Prop_lut5_I4_O)        0.124     6.858 r  result_OBUF[3]_inst_i_1/O
                         net (fo=1, routed)           2.482     9.340    result_OBUF[3]
    U13                  OBUF (Prop_obuf_I_O)         2.628    11.967 r  result_OBUF[3]_inst/O
                         net (fo=0)                   0.000    11.967    result[3]
    U13                                                               r  result[3] (OUT)
  -------------------------------------------------------------------    -------------------

Slack:                    inf
  Source:                 reg_p_reg[45]/C
                            (rising edge-triggered cell FDCE clocked by sys_clk_pin  {rise@0.000ns fall@10.000ns period=20.000ns})
  Destination:            result[13]
                            (output port)
  Path Group:             (none)
  Path Type:              Max at Slow Process Corner
  Data Path Delay:        7.344ns  (logic 3.270ns (44.531%)  route 4.074ns (55.469%))
  Logic Levels:           2  (LUT5=1 OBUF=1)
  Clock Uncertainty:      0.025ns  ((TSJ^2 + TIJ^2)^1/2 + DJ) / 2 + PE
    Total System Jitter     (TSJ):    0.050ns
    Total Input Jitter      (TIJ):    0.000ns
    Discrete Jitter          (DJ):    0.000ns
    Phase Error              (PE):    0.000ns

    Location             Delay type                Incr(ns)  Path(ns)    Netlist Resource(s)
  -------------------------------------------------------------------    -------------------
                         (clock sys_clk_pin rise edge)
                                                      0.000     0.000 r  
    N15                                               0.000     0.000 r  clk (IN)
                         net (fo=0)                   0.000     0.000    clk
    N15                  IBUF (Prop_ibuf_I_O)         0.962     0.962 r  clk_IBUF_inst/O
                         net (fo=1, routed)           1.972     2.933    clk_IBUF
    BUFGCTRL_X0Y0        BUFG (Prop_bufg_I_O)         0.096     3.029 r  clk_IBUF_BUFG_inst/O
                         net (fo=109, routed)         1.564     4.594    clk_IBUF_BUFG
    SLICE_X8Y35          FDCE                                         r  reg_p_reg[45]/C
  -------------------------------------------------------------------    -------------------
    SLICE_X8Y35          FDCE (Prop_fdce_C_Q)         0.518     5.112 r  reg_p_reg[45]/Q
                         net (fo=11, routed)          1.803     6.915    p_1_in[13]
    SLICE_X1Y28          LUT5 (Prop_lut5_I4_O)        0.124     7.039 r  result_OBUF[13]_inst_i_1/O
                         net (fo=1, routed)           2.270     9.309    result_OBUF[13]
    V17                  OBUF (Prop_obuf_I_O)         2.628    11.937 r  result_OBUF[13]_inst/O
                         net (fo=0)                   0.000    11.937    result[13]
    V17                                                               r  result[13] (OUT)
  -------------------------------------------------------------------    -------------------

Slack:                    inf
  Source:                 reg_p_reg[48]/C
                            (rising edge-triggered cell FDCE clocked by sys_clk_pin  {rise@0.000ns fall@10.000ns period=20.000ns})
  Destination:            result[16]
                            (output port)
  Path Group:             (none)
  Path Type:              Max at Slow Process Corner
  Data Path Delay:        7.248ns  (logic 3.275ns (45.181%)  route 3.973ns (54.819%))
  Logic Levels:           2  (LUT5=1 OBUF=1)
  Clock Uncertainty:      0.025ns  ((TSJ^2 + TIJ^2)^1/2 + DJ) / 2 + PE
    Total System Jitter     (TSJ):    0.050ns
    Total Input Jitter      (TIJ):    0.000ns
    Discrete Jitter          (DJ):    0.000ns
    Phase Error              (PE):    0.000ns

    Location             Delay type                Incr(ns)  Path(ns)    Netlist Resource(s)
  -------------------------------------------------------------------    -------------------
                         (clock sys_clk_pin rise edge)
                                                      0.000     0.000 r  
    N15                                               0.000     0.000 r  clk (IN)
                         net (fo=0)                   0.000     0.000    clk
    N15                  IBUF (Prop_ibuf_I_O)         0.962     0.962 r  clk_IBUF_inst/O
                         net (fo=1, routed)           1.972     2.933    clk_IBUF
    BUFGCTRL_X0Y0        BUFG (Prop_bufg_I_O)         0.096     3.029 r  clk_IBUF_BUFG_inst/O
                         net (fo=109, routed)         1.564     4.594    clk_IBUF_BUFG
    SLICE_X10Y36         FDCE                                         r  reg_p_reg[48]/C
  -------------------------------------------------------------------    -------------------
    SLICE_X10Y36         FDCE (Prop_fdce_C_Q)         0.518     5.112 r  reg_p_reg[48]/Q
                         net (fo=11, routed)          2.026     7.138    p_1_in[16]
    SLICE_X1Y27          LUT5 (Prop_lut5_I4_O)        0.124     7.262 r  result_OBUF[16]_inst_i_1/O
                         net (fo=1, routed)           1.947     9.209    result_OBUF[16]
    U17                  OBUF (Prop_obuf_I_O)         2.633    11.842 r  result_OBUF[16]_inst/O
                         net (fo=0)                   0.000    11.842    result[16]
    U17                                                               r  result[16] (OUT)
  -------------------------------------------------------------------    -------------------

Slack:                    inf
  Source:                 reg_p_reg[41]/C
                            (rising edge-triggered cell FDCE clocked by sys_clk_pin  {rise@0.000ns fall@10.000ns period=20.000ns})
  Destination:            result[9]
                            (output port)
  Path Group:             (none)
  Path Type:              Max at Slow Process Corner
  Data Path Delay:        7.216ns  (logic 3.234ns (44.821%)  route 3.981ns (55.179%))
  Logic Levels:           2  (LUT5=1 OBUF=1)
  Clock Uncertainty:      0.025ns  ((TSJ^2 + TIJ^2)^1/2 + DJ) / 2 + PE
    Total System Jitter     (TSJ):    0.050ns
    Total Input Jitter      (TIJ):    0.000ns
    Discrete Jitter          (DJ):    0.000ns
    Phase Error              (PE):    0.000ns

    Location             Delay type                Incr(ns)  Path(ns)    Netlist Resource(s)
  -------------------------------------------------------------------    -------------------
                         (clock sys_clk_pin rise edge)
                                                      0.000     0.000 r  
    N15                                               0.000     0.000 r  clk (IN)
                         net (fo=0)                   0.000     0.000    clk
    N15                  IBUF (Prop_ibuf_I_O)         0.962     0.962 r  clk_IBUF_inst/O
                         net (fo=1, routed)           1.972     2.933    clk_IBUF
    BUFGCTRL_X0Y0        BUFG (Prop_bufg_I_O)         0.096     3.029 r  clk_IBUF_BUFG_inst/O
                         net (fo=109, routed)         1.564     4.594    clk_IBUF_BUFG
    SLICE_X9Y35          FDCE                                         r  reg_p_reg[41]/C
  -------------------------------------------------------------------    -------------------
    SLICE_X9Y35          FDCE (Prop_fdce_C_Q)         0.456     5.050 r  reg_p_reg[41]/Q
                         net (fo=11, routed)          1.668     6.717    p_1_in[9]
    SLICE_X1Y27          LUT5 (Prop_lut5_I4_O)        0.124     6.841 r  result_OBUF[9]_inst_i_1/O
                         net (fo=1, routed)           2.314     9.155    result_OBUF[9]
    V12                  OBUF (Prop_obuf_I_O)         2.654    11.809 r  result_OBUF[9]_inst/O
                         net (fo=0)                   0.000    11.809    result[9]
    V12                                                               r  result[9] (OUT)
  -------------------------------------------------------------------    -------------------

Slack:                    inf
  Source:                 reg_p_reg[32]/C
                            (rising edge-triggered cell FDCE clocked by sys_clk_pin  {rise@0.000ns fall@10.000ns period=20.000ns})
  Destination:            result[0]
                            (output port)
  Path Group:             (none)
  Path Type:              Max at Slow Process Corner
  Data Path Delay:        7.205ns  (logic 3.209ns (44.534%)  route 3.996ns (55.466%))
  Logic Levels:           2  (LUT5=1 OBUF=1)
  Clock Uncertainty:      0.025ns  ((TSJ^2 + TIJ^2)^1/2 + DJ) / 2 + PE
    Total System Jitter     (TSJ):    0.050ns
    Total Input Jitter      (TIJ):    0.000ns
    Discrete Jitter          (DJ):    0.000ns
    Phase Error              (PE):    0.000ns

    Location             Delay type                Incr(ns)  Path(ns)    Netlist Resource(s)
  -------------------------------------------------------------------    -------------------
                         (clock sys_clk_pin rise edge)
                                                      0.000     0.000 r  
    N15                                               0.000     0.000 r  clk (IN)
                         net (fo=0)                   0.000     0.000    clk
    N15                  IBUF (Prop_ibuf_I_O)         0.962     0.962 r  clk_IBUF_inst/O
                         net (fo=1, routed)           1.972     2.933    clk_IBUF
    BUFGCTRL_X0Y0        BUFG (Prop_bufg_I_O)         0.096     3.029 r  clk_IBUF_BUFG_inst/O
                         net (fo=109, routed)         1.560     4.590    clk_IBUF_BUFG
    SLICE_X9Y32          FDCE                                         r  reg_p_reg[32]/C
  -------------------------------------------------------------------    -------------------
    SLICE_X9Y32          FDCE (Prop_fdce_C_Q)         0.456     5.046 r  reg_p_reg[32]/Q
                         net (fo=11, routed)          1.139     6.185    p_1_in[0]
    SLICE_X2Y30          LUT5 (Prop_lut5_I4_O)        0.124     6.309 r  result_OBUF[0]_inst_i_1/O
                         net (fo=1, routed)           2.857     9.166    result_OBUF[0]
    R10                  OBUF (Prop_obuf_I_O)         2.629    11.794 r  result_OBUF[0]_inst/O
                         net (fo=0)                   0.000    11.794    result[0]
    R10                                                               r  result[0] (OUT)
  -------------------------------------------------------------------    -------------------

Slack:                    inf
  Source:                 reg_p_reg[50]/C
                            (rising edge-triggered cell FDCE clocked by sys_clk_pin  {rise@0.000ns fall@10.000ns period=20.000ns})
  Destination:            result[18]
                            (output port)
  Path Group:             (none)
  Path Type:              Max at Slow Process Corner
  Data Path Delay:        7.165ns  (logic 3.282ns (45.814%)  route 3.882ns (54.186%))
  Logic Levels:           2  (LUT5=1 OBUF=1)
  Clock Uncertainty:      0.025ns  ((TSJ^2 + TIJ^2)^1/2 + DJ) / 2 + PE
    Total System Jitter     (TSJ):    0.050ns
    Total Input Jitter      (TIJ):    0.000ns
    Discrete Jitter          (DJ):    0.000ns
    Phase Error              (PE):    0.000ns

    Location             Delay type                Incr(ns)  Path(ns)    Netlist Resource(s)
  -------------------------------------------------------------------    -------------------
                         (clock sys_clk_pin rise edge)
                                                      0.000     0.000 r  
    N15                                               0.000     0.000 r  clk (IN)
                         net (fo=0)                   0.000     0.000    clk
    N15                  IBUF (Prop_ibuf_I_O)         0.962     0.962 r  clk_IBUF_inst/O
                         net (fo=1, routed)           1.972     2.933    clk_IBUF
    BUFGCTRL_X0Y0        BUFG (Prop_bufg_I_O)         0.096     3.029 r  clk_IBUF_BUFG_inst/O
                         net (fo=109, routed)         1.564     4.594    clk_IBUF_BUFG
    SLICE_X10Y36         FDCE                                         r  reg_p_reg[50]/C
  -------------------------------------------------------------------    -------------------
    SLICE_X10Y36         FDCE (Prop_fdce_C_Q)         0.518     5.112 r  reg_p_reg[50]/Q
                         net (fo=11, routed)          1.762     6.874    p_1_in[18]
    SLICE_X1Y29          LUT5 (Prop_lut5_I4_O)        0.124     6.998 r  result_OBUF[18]_inst_i_1/O
                         net (fo=1, routed)           2.120     9.118    result_OBUF[18]
    V15                  OBUF (Prop_obuf_I_O)         2.640    11.758 r  result_OBUF[18]_inst/O
                         net (fo=0)                   0.000    11.758    result[18]
    V15                                                               r  result[18] (OUT)
  -------------------------------------------------------------------    -------------------





Min Delay Paths
--------------------------------------------------------------------------------------
Slack:                    inf
  Source:                 FSM_onehot_state_reg[4]/C
                            (rising edge-triggered cell FDCE clocked by sys_clk_pin  {rise@0.000ns fall@10.000ns period=20.000ns})
  Destination:            ready
                            (output port)
  Path Group:             (none)
  Path Type:              Min at Fast Process Corner
  Data Path Delay:        1.649ns  (logic 1.277ns (77.439%)  route 0.372ns (22.561%))
  Logic Levels:           1  (OBUF=1)
  Clock Uncertainty:      0.025ns  ((TSJ^2 + TIJ^2)^1/2 + DJ) / 2 + PE
    Total System Jitter     (TSJ):    0.050ns
    Total Input Jitter      (TIJ):    0.000ns
    Discrete Jitter          (DJ):    0.000ns
    Phase Error              (PE):    0.000ns

    Location             Delay type                Incr(ns)  Path(ns)    Netlist Resource(s)
  -------------------------------------------------------------------    -------------------
                         (clock sys_clk_pin rise edge)
                                                      0.000     0.000 r  
    N15                                               0.000     0.000 r  clk (IN)
                         net (fo=0)                   0.000     0.000    clk
    N15                  IBUF (Prop_ibuf_I_O)         0.191     0.191 r  clk_IBUF_inst/O
                         net (fo=1, routed)           0.634     0.825    clk_IBUF
    BUFGCTRL_X0Y0        BUFG (Prop_bufg_I_O)         0.026     0.851 r  clk_IBUF_BUFG_inst/O
                         net (fo=109, routed)         0.588     1.438    clk_IBUF_BUFG
    SLICE_X0Y31          FDCE                                         r  FSM_onehot_state_reg[4]/C
  -------------------------------------------------------------------    -------------------
    SLICE_X0Y31          FDCE (Prop_fdce_C_Q)         0.141     1.579 r  FSM_onehot_state_reg[4]/Q
                         net (fo=3, routed)           0.372     1.951    ready_OBUF
    N14                  OBUF (Prop_obuf_I_O)         1.136     3.088 r  ready_OBUF_inst/O
                         net (fo=0)                   0.000     3.088    ready
    N14                                                               r  ready (OUT)
  -------------------------------------------------------------------    -------------------

Slack:                    inf
  Source:                 reg_p_reg[16]/C
                            (rising edge-triggered cell FDCE clocked by sys_clk_pin  {rise@0.000ns fall@10.000ns period=20.000ns})
  Destination:            result[16]
                            (output port)
  Path Group:             (none)
  Path Type:              Min at Fast Process Corner
  Data Path Delay:        1.978ns  (logic 1.335ns (67.523%)  route 0.642ns (32.477%))
  Logic Levels:           2  (LUT5=1 OBUF=1)
  Clock Uncertainty:      0.025ns  ((TSJ^2 + TIJ^2)^1/2 + DJ) / 2 + PE
    Total System Jitter     (TSJ):    0.050ns
    Total Input Jitter      (TIJ):    0.000ns
    Discrete Jitter          (DJ):    0.000ns
    Phase Error              (PE):    0.000ns

    Location             Delay type                Incr(ns)  Path(ns)    Netlist Resource(s)
  -------------------------------------------------------------------    -------------------
                         (clock sys_clk_pin rise edge)
                                                      0.000     0.000 r  
    N15                                               0.000     0.000 r  clk (IN)
                         net (fo=0)                   0.000     0.000    clk
    N15                  IBUF (Prop_ibuf_I_O)         0.191     0.191 r  clk_IBUF_inst/O
                         net (fo=1, routed)           0.634     0.825    clk_IBUF
    BUFGCTRL_X0Y0        BUFG (Prop_bufg_I_O)         0.026     0.851 r  clk_IBUF_BUFG_inst/O
                         net (fo=109, routed)         0.585     1.435    clk_IBUF_BUFG
    SLICE_X1Y27          FDCE                                         r  reg_p_reg[16]/C
  -------------------------------------------------------------------    -------------------
    SLICE_X1Y27          FDCE (Prop_fdce_C_Q)         0.141     1.576 r  reg_p_reg[16]/Q
                         net (fo=5, routed)           0.170     1.747    reg_p_reg_n_0_[16]
    SLICE_X1Y27          LUT5 (Prop_lut5_I0_O)        0.045     1.792 r  result_OBUF[16]_inst_i_1/O
                         net (fo=1, routed)           0.472     2.264    result_OBUF[16]
    U17                  OBUF (Prop_obuf_I_O)         1.149     3.413 r  result_OBUF[16]_inst/O
                         net (fo=0)                   0.000     3.413    result[16]
    U17                                                               r  result[16] (OUT)
  -------------------------------------------------------------------    -------------------

Slack:                    inf
  Source:                 reg_p_reg[29]/C
                            (rising edge-triggered cell FDCE clocked by sys_clk_pin  {rise@0.000ns fall@10.000ns period=20.000ns})
  Destination:            result[29]
                            (output port)
  Path Group:             (none)
  Path Type:              Min at Fast Process Corner
  Data Path Delay:        1.978ns  (logic 1.337ns (67.581%)  route 0.641ns (32.419%))
  Logic Levels:           2  (LUT5=1 OBUF=1)
  Clock Uncertainty:      0.025ns  ((TSJ^2 + TIJ^2)^1/2 + DJ) / 2 + PE
    Total System Jitter     (TSJ):    0.050ns
    Total Input Jitter      (TIJ):    0.000ns
    Discrete Jitter          (DJ):    0.000ns
    Phase Error              (PE):    0.000ns

    Location             Delay type                Incr(ns)  Path(ns)    Netlist Resource(s)
  -------------------------------------------------------------------    -------------------
                         (clock sys_clk_pin rise edge)
                                                      0.000     0.000 r  
    N15                                               0.000     0.000 r  clk (IN)
                         net (fo=0)                   0.000     0.000    clk
    N15                  IBUF (Prop_ibuf_I_O)         0.191     0.191 r  clk_IBUF_inst/O
                         net (fo=1, routed)           0.634     0.825    clk_IBUF
    BUFGCTRL_X0Y0        BUFG (Prop_bufg_I_O)         0.026     0.851 r  clk_IBUF_BUFG_inst/O
                         net (fo=109, routed)         0.586     1.436    clk_IBUF_BUFG
    SLICE_X6Y31          FDCE                                         r  reg_p_reg[29]/C
  -------------------------------------------------------------------    -------------------
    SLICE_X6Y31          FDCE (Prop_fdce_C_Q)         0.164     1.600 r  reg_p_reg[29]/Q
                         net (fo=5, routed)           0.259     1.860    reg_p_reg_n_0_[29]
    SLICE_X2Y31          LUT5 (Prop_lut5_I0_O)        0.045     1.905 r  result_OBUF[29]_inst_i_1/O
                         net (fo=1, routed)           0.382     2.287    result_OBUF[29]
    M16                  OBUF (Prop_obuf_I_O)         1.128     3.414 r  result_OBUF[29]_inst/O
                         net (fo=0)                   0.000     3.414    result[29]
    M16                                                               r  result[29] (OUT)
  -------------------------------------------------------------------    -------------------

Slack:                    inf
  Source:                 reg_p_reg[31]/C
                            (rising edge-triggered cell FDCE clocked by sys_clk_pin  {rise@0.000ns fall@10.000ns period=20.000ns})
  Destination:            result[31]
                            (output port)
  Path Group:             (none)
  Path Type:              Min at Fast Process Corner
  Data Path Delay:        1.978ns  (logic 1.321ns (66.800%)  route 0.657ns (33.200%))
  Logic Levels:           2  (LUT5=1 OBUF=1)
  Clock Uncertainty:      0.025ns  ((TSJ^2 + TIJ^2)^1/2 + DJ) / 2 + PE
    Total System Jitter     (TSJ):    0.050ns
    Total Input Jitter      (TIJ):    0.000ns
    Discrete Jitter          (DJ):    0.000ns
    Phase Error              (PE):    0.000ns

    Location             Delay type                Incr(ns)  Path(ns)    Netlist Resource(s)
  -------------------------------------------------------------------    -------------------
                         (clock sys_clk_pin rise edge)
                                                      0.000     0.000 r  
    N15                                               0.000     0.000 r  clk (IN)
                         net (fo=0)                   0.000     0.000    clk
    N15                  IBUF (Prop_ibuf_I_O)         0.191     0.191 r  clk_IBUF_inst/O
                         net (fo=1, routed)           0.634     0.825    clk_IBUF
    BUFGCTRL_X0Y0        BUFG (Prop_bufg_I_O)         0.026     0.851 r  clk_IBUF_BUFG_inst/O
                         net (fo=109, routed)         0.589     1.439    clk_IBUF_BUFG
    SLICE_X1Y32          FDCE                                         r  reg_p_reg[31]/C
  -------------------------------------------------------------------    -------------------
    SLICE_X1Y32          FDCE (Prop_fdce_C_Q)         0.141     1.580 r  reg_p_reg[31]/Q
                         net (fo=8, routed)           0.274     1.854    reg_p_reg_n_0_[31]
    SLICE_X0Y33          LUT5 (Prop_lut5_I0_O)        0.045     1.899 r  result_OBUF[31]_inst_i_1/O
                         net (fo=1, routed)           0.383     2.282    result_OBUF[31]
    N17                  OBUF (Prop_obuf_I_O)         1.135     3.417 r  result_OBUF[31]_inst/O
                         net (fo=0)                   0.000     3.417    result[31]
    N17                                                               r  result[31] (OUT)
  -------------------------------------------------------------------    -------------------

Slack:                    inf
  Source:                 reg_p_reg[22]/C
                            (rising edge-triggered cell FDCE clocked by sys_clk_pin  {rise@0.000ns fall@10.000ns period=20.000ns})
  Destination:            result[22]
                            (output port)
  Path Group:             (none)
  Path Type:              Min at Fast Process Corner
  Data Path Delay:        2.016ns  (logic 1.333ns (66.117%)  route 0.683ns (33.883%))
  Logic Levels:           2  (LUT5=1 OBUF=1)
  Clock Uncertainty:      0.025ns  ((TSJ^2 + TIJ^2)^1/2 + DJ) / 2 + PE
    Total System Jitter     (TSJ):    0.050ns
    Total Input Jitter      (TIJ):    0.000ns
    Discrete Jitter          (DJ):    0.000ns
    Phase Error              (PE):    0.000ns

    Location             Delay type                Incr(ns)  Path(ns)    Netlist Resource(s)
  -------------------------------------------------------------------    -------------------
                         (clock sys_clk_pin rise edge)
                                                      0.000     0.000 r  
    N15                                               0.000     0.000 r  clk (IN)
                         net (fo=0)                   0.000     0.000    clk
    N15                  IBUF (Prop_ibuf_I_O)         0.191     0.191 r  clk_IBUF_inst/O
                         net (fo=1, routed)           0.634     0.825    clk_IBUF
    BUFGCTRL_X0Y0        BUFG (Prop_bufg_I_O)         0.026     0.851 r  clk_IBUF_BUFG_inst/O
                         net (fo=109, routed)         0.585     1.435    clk_IBUF_BUFG
    SLICE_X7Y30          FDCE                                         r  reg_p_reg[22]/C
  -------------------------------------------------------------------    -------------------
    SLICE_X7Y30          FDCE (Prop_fdce_C_Q)         0.141     1.576 r  reg_p_reg[22]/Q
                         net (fo=5, routed)           0.223     1.799    reg_p_reg_n_0_[22]
    SLICE_X1Y30          LUT5 (Prop_lut5_I0_O)        0.045     1.844 r  result_OBUF[22]_inst_i_1/O
                         net (fo=1, routed)           0.460     2.304    result_OBUF[22]
    T14                  OBUF (Prop_obuf_I_O)         1.147     3.451 r  result_OBUF[22]_inst/O
                         net (fo=0)                   0.000     3.451    result[22]
    T14                                                               r  result[22] (OUT)
  -------------------------------------------------------------------    -------------------

Slack:                    inf
  Source:                 reg_p_reg[20]/C
                            (rising edge-triggered cell FDCE clocked by sys_clk_pin  {rise@0.000ns fall@10.000ns period=20.000ns})
  Destination:            result[20]
                            (output port)
  Path Group:             (none)
  Path Type:              Min at Fast Process Corner
  Data Path Delay:        2.019ns  (logic 1.350ns (66.852%)  route 0.669ns (33.148%))
  Logic Levels:           2  (LUT5=1 OBUF=1)
  Clock Uncertainty:      0.025ns  ((TSJ^2 + TIJ^2)^1/2 + DJ) / 2 + PE
    Total System Jitter     (TSJ):    0.050ns
    Total Input Jitter      (TIJ):    0.000ns
    Discrete Jitter          (DJ):    0.000ns
    Phase Error              (PE):    0.000ns

    Location             Delay type                Incr(ns)  Path(ns)    Netlist Resource(s)
  -------------------------------------------------------------------    -------------------
                         (clock sys_clk_pin rise edge)
                                                      0.000     0.000 r  
    N15                                               0.000     0.000 r  clk (IN)
                         net (fo=0)                   0.000     0.000    clk
    N15                  IBUF (Prop_ibuf_I_O)         0.191     0.191 r  clk_IBUF_inst/O
                         net (fo=1, routed)           0.634     0.825    clk_IBUF
    BUFGCTRL_X0Y0        BUFG (Prop_bufg_I_O)         0.026     0.851 r  clk_IBUF_BUFG_inst/O
                         net (fo=109, routed)         0.584     1.434    clk_IBUF_BUFG
    SLICE_X6Y29          FDCE                                         r  reg_p_reg[20]/C
  -------------------------------------------------------------------    -------------------
    SLICE_X6Y29          FDCE (Prop_fdce_C_Q)         0.164     1.598 r  reg_p_reg[20]/Q
                         net (fo=5, routed)           0.137     1.735    reg_p_reg_n_0_[20]
    SLICE_X2Y29          LUT5 (Prop_lut5_I0_O)        0.045     1.780 r  result_OBUF[20]_inst_i_1/O
                         net (fo=1, routed)           0.533     2.313    result_OBUF[20]
    R16                  OBUF (Prop_obuf_I_O)         1.141     3.454 r  result_OBUF[20]_inst/O
                         net (fo=0)                   0.000     3.454    result[20]
    R16                                                               r  result[20] (OUT)
  -------------------------------------------------------------------    -------------------

Slack:                    inf
  Source:                 reg_p_reg[26]/C
                            (rising edge-triggered cell FDCE clocked by sys_clk_pin  {rise@0.000ns fall@10.000ns period=20.000ns})
  Destination:            result[26]
                            (output port)
  Path Group:             (none)
  Path Type:              Min at Fast Process Corner
  Data Path Delay:        2.042ns  (logic 1.329ns (65.074%)  route 0.713ns (34.926%))
  Logic Levels:           2  (LUT5=1 OBUF=1)
  Clock Uncertainty:      0.025ns  ((TSJ^2 + TIJ^2)^1/2 + DJ) / 2 + PE
    Total System Jitter     (TSJ):    0.050ns
    Total Input Jitter      (TIJ):    0.000ns
    Discrete Jitter          (DJ):    0.000ns
    Phase Error              (PE):    0.000ns

    Location             Delay type                Incr(ns)  Path(ns)    Netlist Resource(s)
  -------------------------------------------------------------------    -------------------
                         (clock sys_clk_pin rise edge)
                                                      0.000     0.000 r  
    N15                                               0.000     0.000 r  clk (IN)
                         net (fo=0)                   0.000     0.000    clk
    N15                  IBUF (Prop_ibuf_I_O)         0.191     0.191 r  clk_IBUF_inst/O
                         net (fo=1, routed)           0.634     0.825    clk_IBUF
    BUFGCTRL_X0Y0        BUFG (Prop_bufg_I_O)         0.026     0.851 r  clk_IBUF_BUFG_inst/O
                         net (fo=109, routed)         0.586     1.436    clk_IBUF_BUFG
    SLICE_X7Y31          FDCE                                         r  reg_p_reg[26]/C
  -------------------------------------------------------------------    -------------------
    SLICE_X7Y31          FDCE (Prop_fdce_C_Q)         0.141     1.577 r  reg_p_reg[26]/Q
                         net (fo=5, routed)           0.280     1.858    reg_p_reg_n_0_[26]
    SLICE_X2Y32          LUT5 (Prop_lut5_I0_O)        0.045     1.903 r  result_OBUF[26]_inst_i_1/O
                         net (fo=1, routed)           0.433     2.336    result_OBUF[26]
    P17                  OBUF (Prop_obuf_I_O)         1.143     3.479 r  result_OBUF[26]_inst/O
                         net (fo=0)                   0.000     3.479    result[26]
    P17                                                               r  result[26] (OUT)
  -------------------------------------------------------------------    -------------------

Slack:                    inf
  Source:                 reg_p_reg[30]/C
                            (rising edge-triggered cell FDCE clocked by sys_clk_pin  {rise@0.000ns fall@10.000ns period=20.000ns})
  Destination:            result[30]
                            (output port)
  Path Group:             (none)
  Path Type:              Min at Fast Process Corner
  Data Path Delay:        2.100ns  (logic 1.350ns (64.297%)  route 0.750ns (35.703%))
  Logic Levels:           2  (LUT5=1 OBUF=1)
  Clock Uncertainty:      0.025ns  ((TSJ^2 + TIJ^2)^1/2 + DJ) / 2 + PE
    Total System Jitter     (TSJ):    0.050ns
    Total Input Jitter      (TIJ):    0.000ns
    Discrete Jitter          (DJ):    0.000ns
    Phase Error              (PE):    0.000ns

    Location             Delay type                Incr(ns)  Path(ns)    Netlist Resource(s)
  -------------------------------------------------------------------    -------------------
                         (clock sys_clk_pin rise edge)
                                                      0.000     0.000 r  
    N15                                               0.000     0.000 r  clk (IN)
                         net (fo=0)                   0.000     0.000    clk
    N15                  IBUF (Prop_ibuf_I_O)         0.191     0.191 r  clk_IBUF_inst/O
                         net (fo=1, routed)           0.634     0.825    clk_IBUF
    BUFGCTRL_X0Y0        BUFG (Prop_bufg_I_O)         0.026     0.851 r  clk_IBUF_BUFG_inst/O
                         net (fo=109, routed)         0.559     1.409    clk_IBUF_BUFG
    SLICE_X8Y31          FDCE                                         r  reg_p_reg[30]/C
  -------------------------------------------------------------------    -------------------
    SLICE_X8Y31          FDCE (Prop_fdce_C_Q)         0.164     1.573 r  reg_p_reg[30]/Q
                         net (fo=5, routed)           0.425     1.998    reg_p_reg_n_0_[30]
    SLICE_X1Y32          LUT5 (Prop_lut5_I0_O)        0.045     2.043 r  result_OBUF[30]_inst_i_1/O
                         net (fo=1, routed)           0.325     2.368    result_OBUF[30]
    P18                  OBUF (Prop_obuf_I_O)         1.141     3.510 r  result_OBUF[30]_inst/O
                         net (fo=0)                   0.000     3.510    result[30]
    P18                                                               r  result[30] (OUT)
  -------------------------------------------------------------------    -------------------

Slack:                    inf
  Source:                 reg_p_reg[28]/C
                            (rising edge-triggered cell FDCE clocked by sys_clk_pin  {rise@0.000ns fall@10.000ns period=20.000ns})
  Destination:            result[28]
                            (output port)
  Path Group:             (none)
  Path Type:              Min at Fast Process Corner
  Data Path Delay:        2.103ns  (logic 1.338ns (63.644%)  route 0.764ns (36.356%))
  Logic Levels:           2  (LUT5=1 OBUF=1)
  Clock Uncertainty:      0.025ns  ((TSJ^2 + TIJ^2)^1/2 + DJ) / 2 + PE
    Total System Jitter     (TSJ):    0.050ns
    Total Input Jitter      (TIJ):    0.000ns
    Discrete Jitter          (DJ):    0.000ns
    Phase Error              (PE):    0.000ns

    Location             Delay type                Incr(ns)  Path(ns)    Netlist Resource(s)
  -------------------------------------------------------------------    -------------------
                         (clock sys_clk_pin rise edge)
                                                      0.000     0.000 r  
    N15                                               0.000     0.000 r  clk (IN)
                         net (fo=0)                   0.000     0.000    clk
    N15                  IBUF (Prop_ibuf_I_O)         0.191     0.191 r  clk_IBUF_inst/O
                         net (fo=1, routed)           0.634     0.825    clk_IBUF
    BUFGCTRL_X0Y0        BUFG (Prop_bufg_I_O)         0.026     0.851 r  clk_IBUF_BUFG_inst/O
                         net (fo=109, routed)         0.559     1.409    clk_IBUF_BUFG
    SLICE_X8Y31          FDCE                                         r  reg_p_reg[28]/C
  -------------------------------------------------------------------    -------------------
    SLICE_X8Y31          FDCE (Prop_fdce_C_Q)         0.164     1.573 r  reg_p_reg[28]/Q
                         net (fo=5, routed)           0.373     1.946    reg_p_reg_n_0_[28]
    SLICE_X1Y31          LUT5 (Prop_lut5_I0_O)        0.045     1.991 r  result_OBUF[28]_inst_i_1/O
                         net (fo=1, routed)           0.392     2.383    result_OBUF[28]
    M17                  OBUF (Prop_obuf_I_O)         1.129     3.512 r  result_OBUF[28]_inst/O
                         net (fo=0)                   0.000     3.512    result[28]
    M17                                                               r  result[28] (OUT)
  -------------------------------------------------------------------    -------------------

Slack:                    inf
  Source:                 reg_p_reg[24]/C
                            (rising edge-triggered cell FDCE clocked by sys_clk_pin  {rise@0.000ns fall@10.000ns period=20.000ns})
  Destination:            result[24]
                            (output port)
  Path Group:             (none)
  Path Type:              Min at Fast Process Corner
  Data Path Delay:        2.098ns  (logic 1.337ns (63.709%)  route 0.762ns (36.291%))
  Logic Levels:           2  (LUT5=1 OBUF=1)
  Clock Uncertainty:      0.025ns  ((TSJ^2 + TIJ^2)^1/2 + DJ) / 2 + PE
    Total System Jitter     (TSJ):    0.050ns
    Total Input Jitter      (TIJ):    0.000ns
    Discrete Jitter          (DJ):    0.000ns
    Phase Error              (PE):    0.000ns

    Location             Delay type                Incr(ns)  Path(ns)    Netlist Resource(s)
  -------------------------------------------------------------------    -------------------
                         (clock sys_clk_pin rise edge)
                                                      0.000     0.000 r  
    N15                                               0.000     0.000 r  clk (IN)
                         net (fo=0)                   0.000     0.000    clk
    N15                  IBUF (Prop_ibuf_I_O)         0.191     0.191 r  clk_IBUF_inst/O
                         net (fo=1, routed)           0.634     0.825    clk_IBUF
    BUFGCTRL_X0Y0        BUFG (Prop_bufg_I_O)         0.026     0.851 r  clk_IBUF_BUFG_inst/O
                         net (fo=109, routed)         0.585     1.435    clk_IBUF_BUFG
    SLICE_X6Y30          FDCE                                         r  reg_p_reg[24]/C
  -------------------------------------------------------------------    -------------------
    SLICE_X6Y30          FDCE (Prop_fdce_C_Q)         0.164     1.599 r  reg_p_reg[24]/Q
                         net (fo=5, routed)           0.314     1.913    reg_p_reg_n_0_[24]
    SLICE_X1Y30          LUT5 (Prop_lut5_I0_O)        0.045     1.958 r  result_OBUF[24]_inst_i_1/O
                         net (fo=1, routed)           0.448     2.406    result_OBUF[24]
    P15                  OBUF (Prop_obuf_I_O)         1.128     3.534 r  result_OBUF[24]_inst/O
                         net (fo=0)                   0.000     3.534    result[24]
    P15                                                               r  result[24] (OUT)
  -------------------------------------------------------------------    -------------------





--------------------------------------------------------------------------------------
Path Group:  (none)
From Clock:  
  To Clock:  sys_clk_pin

Max Delay           282 Endpoints
Min Delay           282 Endpoints
--------------------------------------------------------------------------------------


Max Delay Paths
--------------------------------------------------------------------------------------
Slack:                    inf
  Source:                 m_req[op][2]
                            (input port)
  Destination:            reg_p_reg[37]/D
                            (rising edge-triggered cell FDCE clocked by sys_clk_pin  {rise@0.000ns fall@10.000ns period=20.000ns})
  Path Group:             (none)
  Path Type:              Setup (Max at Slow Process Corner)
  Data Path Delay:        9.971ns  (logic 2.481ns (24.883%)  route 7.490ns (75.117%))
  Logic Levels:           7  (CARRY4=2 IBUF=1 LUT4=2 LUT5=1 LUT6=1)
  Clock Path Skew:        4.231ns (DCD - SCD + CPR)
    Destination Clock Delay (DCD):    4.231ns
    Source Clock Delay      (SCD):    0.000ns
    Clock Pessimism Removal (CPR):    0.000ns
  Clock Uncertainty:      0.025ns  ((TSJ^2 + TIJ^2)^1/2 + DJ) / 2 + PE
    Total System Jitter     (TSJ):    0.050ns
    Total Input Jitter      (TIJ):    0.000ns
    Discrete Jitter          (DJ):    0.000ns
    Phase Error              (PE):    0.000ns

    Location             Delay type                Incr(ns)  Path(ns)    Netlist Resource(s)
  -------------------------------------------------------------------    -------------------
    M13                                               0.000     0.000 r  m_req[op][2] (IN)
                         net (fo=0)                   0.000     0.000    m_req[op][2]
    M13                  IBUF (Prop_ibuf_I_O)         0.955     0.955 r  result_OBUF[31]_inst_i_3/O
                         net (fo=327, routed)         4.226     5.181    result_OBUF[31]_inst_i_3_n_0
    SLICE_X6Y39          LUT4 (Prop_lut4_I1_O)        0.124     5.305 r  reg_p[63]_i_27/O
                         net (fo=1, routed)           0.000     5.305    reg_p[63]_i_27_n_0
    SLICE_X6Y39          CARRY4 (Prop_carry4_S[1]_CO[3])
                                                      0.533     5.838 r  reg_p_reg[63]_i_11/CO[3]
                         net (fo=1, routed)           0.000     5.838    reg_p_reg[63]_i_11_n_0
    SLICE_X6Y40          CARRY4 (Prop_carry4_CI_CO[0])
                                                      0.254     6.092 r  reg_p_reg[63]_i_10/CO[0]
                         net (fo=33, routed)          2.397     8.489    reg_p_reg[63]_i_10_n_3
    SLICE_X10Y33         LUT5 (Prop_lut5_I1_O)        0.367     8.856 r  reg_p[37]_i_5/O
                         net (fo=1, routed)           0.452     9.308    reg_p[37]_i_5_n_0
    SLICE_X10Y33         LUT6 (Prop_lut6_I4_O)        0.124     9.432 r  reg_p[37]_i_3/O
                         net (fo=1, routed)           0.415     9.847    reg_p[37]_i_3_n_0
    SLICE_X9Y33          LUT4 (Prop_lut4_I1_O)        0.124     9.971 r  reg_p[37]_i_1/O
                         net (fo=1, routed)           0.000     9.971    reg_p[37]_i_1_n_0
    SLICE_X9Y33          FDCE                                         r  reg_p_reg[37]/D
  -------------------------------------------------------------------    -------------------

                         (clock sys_clk_pin rise edge)
                                                      0.000     0.000 r  
    N15                                               0.000     0.000 r  clk (IN)
                         net (fo=0)                   0.000     0.000    clk
    N15                  IBUF (Prop_ibuf_I_O)         0.828     0.828 r  clk_IBUF_inst/O
                         net (fo=1, routed)           1.868     2.696    clk_IBUF
    BUFGCTRL_X0Y0        BUFG (Prop_bufg_I_O)         0.091     2.787 r  clk_IBUF_BUFG_inst/O
                         net (fo=109, routed)         1.443     4.231    clk_IBUF_BUFG
    SLICE_X9Y33          FDCE                                         r  reg_p_reg[37]/C

Slack:                    inf
  Source:                 m_req[op][2]
                            (input port)
  Destination:            reg_p_reg[32]/D
                            (rising edge-triggered cell FDCE clocked by sys_clk_pin  {rise@0.000ns fall@10.000ns period=20.000ns})
  Path Group:             (none)
  Path Type:              Setup (Max at Slow Process Corner)
  Data Path Delay:        9.873ns  (logic 2.481ns (25.129%)  route 7.392ns (74.871%))
  Logic Levels:           7  (CARRY4=2 IBUF=1 LUT4=2 LUT5=1 LUT6=1)
  Clock Path Skew:        4.230ns (DCD - SCD + CPR)
    Destination Clock Delay (DCD):    4.230ns
    Source Clock Delay      (SCD):    0.000ns
    Clock Pessimism Removal (CPR):    0.000ns
  Clock Uncertainty:      0.025ns  ((TSJ^2 + TIJ^2)^1/2 + DJ) / 2 + PE
    Total System Jitter     (TSJ):    0.050ns
    Total Input Jitter      (TIJ):    0.000ns
    Discrete Jitter          (DJ):    0.000ns
    Phase Error              (PE):    0.000ns

    Location             Delay type                Incr(ns)  Path(ns)    Netlist Resource(s)
  -------------------------------------------------------------------    -------------------
    M13                                               0.000     0.000 r  m_req[op][2] (IN)
                         net (fo=0)                   0.000     0.000    m_req[op][2]
    M13                  IBUF (Prop_ibuf_I_O)         0.955     0.955 r  result_OBUF[31]_inst_i_3/O
                         net (fo=327, routed)         4.226     5.181    result_OBUF[31]_inst_i_3_n_0
    SLICE_X6Y39          LUT4 (Prop_lut4_I1_O)        0.124     5.305 r  reg_p[63]_i_27/O
                         net (fo=1, routed)           0.000     5.305    reg_p[63]_i_27_n_0
    SLICE_X6Y39          CARRY4 (Prop_carry4_S[1]_CO[3])
                                                      0.533     5.838 r  reg_p_reg[63]_i_11/CO[3]
                         net (fo=1, routed)           0.000     5.838    reg_p_reg[63]_i_11_n_0
    SLICE_X6Y40          CARRY4 (Prop_carry4_CI_CO[0])
                                                      0.254     6.092 r  reg_p_reg[63]_i_10/CO[0]
                         net (fo=33, routed)          2.113     8.205    reg_p_reg[63]_i_10_n_3
    SLICE_X8Y32          LUT5 (Prop_lut5_I1_O)        0.367     8.572 r  reg_p[32]_i_6/O
                         net (fo=1, routed)           0.620     9.192    reg_p[32]_i_6_n_0
    SLICE_X9Y32          LUT6 (Prop_lut6_I4_O)        0.124     9.316 r  reg_p[32]_i_3/O
                         net (fo=1, routed)           0.433     9.749    reg_p[32]_i_3_n_0
    SLICE_X9Y32          LUT4 (Prop_lut4_I1_O)        0.124     9.873 r  reg_p[32]_i_1/O
                         net (fo=1, routed)           0.000     9.873    reg_p[32]_i_1_n_0
    SLICE_X9Y32          FDCE                                         r  reg_p_reg[32]/D
  -------------------------------------------------------------------    -------------------

                         (clock sys_clk_pin rise edge)
                                                      0.000     0.000 r  
    N15                                               0.000     0.000 r  clk (IN)
                         net (fo=0)                   0.000     0.000    clk
    N15                  IBUF (Prop_ibuf_I_O)         0.828     0.828 r  clk_IBUF_inst/O
                         net (fo=1, routed)           1.868     2.696    clk_IBUF
    BUFGCTRL_X0Y0        BUFG (Prop_bufg_I_O)         0.091     2.787 r  clk_IBUF_BUFG_inst/O
                         net (fo=109, routed)         1.442     4.230    clk_IBUF_BUFG
    SLICE_X9Y32          FDCE                                         r  reg_p_reg[32]/C

Slack:                    inf
  Source:                 m_req[a_i][2]
                            (input port)
  Destination:            reg_p_reg[4]/D
                            (rising edge-triggered cell FDCE clocked by sys_clk_pin  {rise@0.000ns fall@10.000ns period=20.000ns})
  Path Group:             (none)
  Path Type:              Setup (Max at Slow Process Corner)
  Data Path Delay:        9.824ns  (logic 1.452ns (14.785%)  route 8.371ns (85.215%))
  Logic Levels:           5  (IBUF=1 LUT4=1 LUT5=1 LUT6=2)
  Clock Path Skew:        4.290ns (DCD - SCD + CPR)
    Destination Clock Delay (DCD):    4.290ns
    Source Clock Delay      (SCD):    0.000ns
    Clock Pessimism Removal (CPR):    0.000ns
  Clock Uncertainty:      0.025ns  ((TSJ^2 + TIJ^2)^1/2 + DJ) / 2 + PE
    Total System Jitter     (TSJ):    0.050ns
    Total Input Jitter      (TIJ):    0.000ns
    Discrete Jitter          (DJ):    0.000ns
    Phase Error              (PE):    0.000ns

    Location             Delay type                Incr(ns)  Path(ns)    Netlist Resource(s)
  -------------------------------------------------------------------    -------------------
    R8                                                0.000     0.000 r  m_req[a_i][2] (IN)
                         net (fo=0)                   0.000     0.000    m_req[a_i][2]
    R8                   IBUF (Prop_ibuf_I_O)         0.956     0.956 r  reg_p_reg[34]_i_4/O
                         net (fo=4, routed)           4.443     5.400    reg_p_reg[34]_i_4_n_0
    SLICE_X2Y32          LUT5 (Prop_lut5_I2_O)        0.124     5.524 r  FSM_onehot_state[4]_i_16/O
                         net (fo=1, routed)           0.934     6.458    FSM_onehot_state[4]_i_16_n_0
    SLICE_X1Y34          LUT4 (Prop_lut4_I2_O)        0.124     6.582 r  FSM_onehot_state[4]_i_7/O
                         net (fo=2, routed)           0.815     7.397    FSM_onehot_state[4]_i_7_n_0
    SLICE_X1Y33          LUT6 (Prop_lut6_I3_O)        0.124     7.521 r  FSM_onehot_state[2]_i_2/O
                         net (fo=65, routed)          2.179     9.700    FSM_onehot_state[2]_i_1_n_0
    SLICE_X3Y24          LUT6 (Prop_lut6_I4_O)        0.124     9.824 r  reg_p[4]_i_1/O
                         net (fo=1, routed)           0.000     9.824    reg_p[4]_i_1_n_0
    SLICE_X3Y24          FDCE                                         r  reg_p_reg[4]/D
  -------------------------------------------------------------------    -------------------

                         (clock sys_clk_pin rise edge)
                                                      0.000     0.000 r  
    N15                                               0.000     0.000 r  clk (IN)
                         net (fo=0)                   0.000     0.000    clk
    N15                  IBUF (Prop_ibuf_I_O)         0.828     0.828 r  clk_IBUF_inst/O
                         net (fo=1, routed)           1.868     2.696    clk_IBUF
    BUFGCTRL_X0Y0        BUFG (Prop_bufg_I_O)         0.091     2.787 r  clk_IBUF_BUFG_inst/O
                         net (fo=109, routed)         1.502     4.290    clk_IBUF_BUFG
    SLICE_X3Y24          FDCE                                         r  reg_p_reg[4]/C

Slack:                    inf
  Source:                 m_req[op][2]
                            (input port)
  Destination:            reg_p_reg[33]/D
                            (rising edge-triggered cell FDCE clocked by sys_clk_pin  {rise@0.000ns fall@10.000ns period=20.000ns})
  Path Group:             (none)
  Path Type:              Setup (Max at Slow Process Corner)
  Data Path Delay:        9.803ns  (logic 2.481ns (25.308%)  route 7.322ns (74.691%))
  Logic Levels:           7  (CARRY4=2 IBUF=1 LUT4=2 LUT5=1 LUT6=1)
  Clock Path Skew:        4.228ns (DCD - SCD + CPR)
    Destination Clock Delay (DCD):    4.228ns
    Source Clock Delay      (SCD):    0.000ns
    Clock Pessimism Removal (CPR):    0.000ns
  Clock Uncertainty:      0.025ns  ((TSJ^2 + TIJ^2)^1/2 + DJ) / 2 + PE
    Total System Jitter     (TSJ):    0.050ns
    Total Input Jitter      (TIJ):    0.000ns
    Discrete Jitter          (DJ):    0.000ns
    Phase Error              (PE):    0.000ns

    Location             Delay type                Incr(ns)  Path(ns)    Netlist Resource(s)
  -------------------------------------------------------------------    -------------------
    M13                                               0.000     0.000 r  m_req[op][2] (IN)
                         net (fo=0)                   0.000     0.000    m_req[op][2]
    M13                  IBUF (Prop_ibuf_I_O)         0.955     0.955 r  result_OBUF[31]_inst_i_3/O
                         net (fo=327, routed)         4.226     5.181    result_OBUF[31]_inst_i_3_n_0
    SLICE_X6Y39          LUT4 (Prop_lut4_I1_O)        0.124     5.305 r  reg_p[63]_i_27/O
                         net (fo=1, routed)           0.000     5.305    reg_p[63]_i_27_n_0
    SLICE_X6Y39          CARRY4 (Prop_carry4_S[1]_CO[3])
                                                      0.533     5.838 r  reg_p_reg[63]_i_11/CO[3]
                         net (fo=1, routed)           0.000     5.838    reg_p_reg[63]_i_11_n_0
    SLICE_X6Y40          CARRY4 (Prop_carry4_CI_CO[0])
                                                      0.254     6.092 r  reg_p_reg[63]_i_10/CO[0]
                         net (fo=33, routed)          2.122     8.214    reg_p_reg[63]_i_10_n_3
    SLICE_X8Y32          LUT5 (Prop_lut5_I1_O)        0.367     8.581 r  reg_p[33]_i_5/O
                         net (fo=1, routed)           0.670     9.251    reg_p[33]_i_5_n_0
    SLICE_X8Y32          LUT6 (Prop_lut6_I4_O)        0.124     9.375 r  reg_p[33]_i_3/O
                         net (fo=1, routed)           0.304     9.679    reg_p[33]_i_3_n_0
    SLICE_X9Y31          LUT4 (Prop_lut4_I1_O)        0.124     9.803 r  reg_p[33]_i_1/O
                         net (fo=1, routed)           0.000     9.803    reg_p[33]_i_1_n_0
    SLICE_X9Y31          FDCE                                         r  reg_p_reg[33]/D
  -------------------------------------------------------------------    -------------------

                         (clock sys_clk_pin rise edge)
                                                      0.000     0.000 r  
    N15                                               0.000     0.000 r  clk (IN)
                         net (fo=0)                   0.000     0.000    clk
    N15                  IBUF (Prop_ibuf_I_O)         0.828     0.828 r  clk_IBUF_inst/O
                         net (fo=1, routed)           1.868     2.696    clk_IBUF
    BUFGCTRL_X0Y0        BUFG (Prop_bufg_I_O)         0.091     2.787 r  clk_IBUF_BUFG_inst/O
                         net (fo=109, routed)         1.440     4.228    clk_IBUF_BUFG
    SLICE_X9Y31          FDCE                                         r  reg_p_reg[33]/C

Slack:                    inf
  Source:                 m_req[op][2]
                            (input port)
  Destination:            reg_p_reg[40]/D
                            (rising edge-triggered cell FDCE clocked by sys_clk_pin  {rise@0.000ns fall@10.000ns period=20.000ns})
  Path Group:             (none)
  Path Type:              Setup (Max at Slow Process Corner)
  Data Path Delay:        9.775ns  (logic 2.369ns (24.236%)  route 7.406ns (75.764%))
  Logic Levels:           7  (CARRY4=2 IBUF=1 LUT4=2 LUT5=1 LUT6=1)
  Clock Path Skew:        4.233ns (DCD - SCD + CPR)
    Destination Clock Delay (DCD):    4.233ns
    Source Clock Delay      (SCD):    0.000ns
    Clock Pessimism Removal (CPR):    0.000ns
  Clock Uncertainty:      0.025ns  ((TSJ^2 + TIJ^2)^1/2 + DJ) / 2 + PE
    Total System Jitter     (TSJ):    0.050ns
    Total Input Jitter      (TIJ):    0.000ns
    Discrete Jitter          (DJ):    0.000ns
    Phase Error              (PE):    0.000ns

    Location             Delay type                Incr(ns)  Path(ns)    Netlist Resource(s)
  -------------------------------------------------------------------    -------------------
    M13                                               0.000     0.000 r  m_req[op][2] (IN)
                         net (fo=0)                   0.000     0.000    m_req[op][2]
    M13                  IBUF (Prop_ibuf_I_O)         0.955     0.955 r  result_OBUF[31]_inst_i_3/O
                         net (fo=327, routed)         4.373     5.328    result_OBUF[31]_inst_i_3_n_0
    SLICE_X7Y39          LUT4 (Prop_lut4_I2_O)        0.124     5.452 r  reg_p[62]_i_8/O
                         net (fo=1, routed)           0.000     5.452    reg_p[62]_i_8_n_0
    SLICE_X7Y39          CARRY4 (Prop_carry4_S[2]_CO[3])
                                                      0.398     5.850 r  reg_p_reg[62]_i_5/CO[3]
                         net (fo=1, routed)           0.000     5.850    reg_p_reg[62]_i_5_n_0
    SLICE_X7Y40          CARRY4 (Prop_carry4_CI_CO[0])
                                                      0.271     6.121 r  reg_p_reg[63]_i_12/CO[0]
                         net (fo=32, routed)          2.274     8.395    adder_out0[32]
    SLICE_X9Y34          LUT5 (Prop_lut5_I3_O)        0.373     8.768 r  reg_p[40]_i_6/O
                         net (fo=1, routed)           0.307     9.075    reg_p[40]_i_6_n_0
    SLICE_X10Y34         LUT6 (Prop_lut6_I4_O)        0.124     9.199 r  reg_p[40]_i_3/O
                         net (fo=1, routed)           0.452     9.651    reg_p[40]_i_3_n_0
    SLICE_X10Y34         LUT4 (Prop_lut4_I1_O)        0.124     9.775 r  reg_p[40]_i_1/O
                         net (fo=1, routed)           0.000     9.775    reg_p[40]_i_1_n_0
    SLICE_X10Y34         FDCE                                         r  reg_p_reg[40]/D
  -------------------------------------------------------------------    -------------------

                         (clock sys_clk_pin rise edge)
                                                      0.000     0.000 r  
    N15                                               0.000     0.000 r  clk (IN)
                         net (fo=0)                   0.000     0.000    clk
    N15                  IBUF (Prop_ibuf_I_O)         0.828     0.828 r  clk_IBUF_inst/O
                         net (fo=1, routed)           1.868     2.696    clk_IBUF
    BUFGCTRL_X0Y0        BUFG (Prop_bufg_I_O)         0.091     2.787 r  clk_IBUF_BUFG_inst/O
                         net (fo=109, routed)         1.445     4.233    clk_IBUF_BUFG
    SLICE_X10Y34         FDCE                                         r  reg_p_reg[40]/C

Slack:                    inf
  Source:                 m_req[op][2]
                            (input port)
  Destination:            reg_p_reg[34]/D
                            (rising edge-triggered cell FDCE clocked by sys_clk_pin  {rise@0.000ns fall@10.000ns period=20.000ns})
  Path Group:             (none)
  Path Type:              Setup (Max at Slow Process Corner)
  Data Path Delay:        9.723ns  (logic 2.369ns (24.365%)  route 7.354ns (75.635%))
  Logic Levels:           7  (CARRY4=2 IBUF=1 LUT4=2 LUT5=1 LUT6=1)
  Clock Path Skew:        4.231ns (DCD - SCD + CPR)
    Destination Clock Delay (DCD):    4.231ns
    Source Clock Delay      (SCD):    0.000ns
    Clock Pessimism Removal (CPR):    0.000ns
  Clock Uncertainty:      0.025ns  ((TSJ^2 + TIJ^2)^1/2 + DJ) / 2 + PE
    Total System Jitter     (TSJ):    0.050ns
    Total Input Jitter      (TIJ):    0.000ns
    Discrete Jitter          (DJ):    0.000ns
    Phase Error              (PE):    0.000ns

    Location             Delay type                Incr(ns)  Path(ns)    Netlist Resource(s)
  -------------------------------------------------------------------    -------------------
    M13                                               0.000     0.000 r  m_req[op][2] (IN)
                         net (fo=0)                   0.000     0.000    m_req[op][2]
    M13                  IBUF (Prop_ibuf_I_O)         0.955     0.955 r  result_OBUF[31]_inst_i_3/O
                         net (fo=327, routed)         4.373     5.328    result_OBUF[31]_inst_i_3_n_0
    SLICE_X7Y39          LUT4 (Prop_lut4_I2_O)        0.124     5.452 r  reg_p[62]_i_8/O
                         net (fo=1, routed)           0.000     5.452    reg_p[62]_i_8_n_0
    SLICE_X7Y39          CARRY4 (Prop_carry4_S[2]_CO[3])
                                                      0.398     5.850 r  reg_p_reg[62]_i_5/CO[3]
                         net (fo=1, routed)           0.000     5.850    reg_p_reg[62]_i_5_n_0
    SLICE_X7Y40          CARRY4 (Prop_carry4_CI_CO[0])
                                                      0.271     6.121 r  reg_p_reg[63]_i_12/CO[0]
                         net (fo=32, routed)          2.120     8.241    adder_out0[32]
    SLICE_X9Y32          LUT5 (Prop_lut5_I3_O)        0.373     8.614 r  reg_p[34]_i_6/O
                         net (fo=1, routed)           0.263     8.877    reg_p[34]_i_6_n_0
    SLICE_X9Y32          LUT6 (Prop_lut6_I4_O)        0.124     9.001 r  reg_p[34]_i_3/O
                         net (fo=1, routed)           0.598     9.599    reg_p[34]_i_3_n_0
    SLICE_X10Y32         LUT4 (Prop_lut4_I1_O)        0.124     9.723 r  reg_p[34]_i_1/O
                         net (fo=1, routed)           0.000     9.723    reg_p[34]_i_1_n_0
    SLICE_X10Y32         FDCE                                         r  reg_p_reg[34]/D
  -------------------------------------------------------------------    -------------------

                         (clock sys_clk_pin rise edge)
                                                      0.000     0.000 r  
    N15                                               0.000     0.000 r  clk (IN)
                         net (fo=0)                   0.000     0.000    clk
    N15                  IBUF (Prop_ibuf_I_O)         0.828     0.828 r  clk_IBUF_inst/O
                         net (fo=1, routed)           1.868     2.696    clk_IBUF
    BUFGCTRL_X0Y0        BUFG (Prop_bufg_I_O)         0.091     2.787 r  clk_IBUF_BUFG_inst/O
                         net (fo=109, routed)         1.443     4.231    clk_IBUF_BUFG
    SLICE_X10Y32         FDCE                                         r  reg_p_reg[34]/C

Slack:                    inf
  Source:                 m_req[a_i][2]
                            (input port)
  Destination:            reg_p_reg[1]/D
                            (rising edge-triggered cell FDCE clocked by sys_clk_pin  {rise@0.000ns fall@10.000ns period=20.000ns})
  Path Group:             (none)
  Path Type:              Setup (Max at Slow Process Corner)
  Data Path Delay:        9.716ns  (logic 1.452ns (14.949%)  route 8.264ns (85.051%))
  Logic Levels:           5  (IBUF=1 LUT4=1 LUT5=1 LUT6=2)
  Clock Path Skew:        4.288ns (DCD - SCD + CPR)
    Destination Clock Delay (DCD):    4.288ns
    Source Clock Delay      (SCD):    0.000ns
    Clock Pessimism Removal (CPR):    0.000ns
  Clock Uncertainty:      0.025ns  ((TSJ^2 + TIJ^2)^1/2 + DJ) / 2 + PE
    Total System Jitter     (TSJ):    0.050ns
    Total Input Jitter      (TIJ):    0.000ns
    Discrete Jitter          (DJ):    0.000ns
    Phase Error              (PE):    0.000ns

    Location             Delay type                Incr(ns)  Path(ns)    Netlist Resource(s)
  -------------------------------------------------------------------    -------------------
    R8                                                0.000     0.000 r  m_req[a_i][2] (IN)
                         net (fo=0)                   0.000     0.000    m_req[a_i][2]
    R8                   IBUF (Prop_ibuf_I_O)         0.956     0.956 r  reg_p_reg[34]_i_4/O
                         net (fo=4, routed)           4.443     5.400    reg_p_reg[34]_i_4_n_0
    SLICE_X2Y32          LUT5 (Prop_lut5_I2_O)        0.124     5.524 r  FSM_onehot_state[4]_i_16/O
                         net (fo=1, routed)           0.934     6.458    FSM_onehot_state[4]_i_16_n_0
    SLICE_X1Y34          LUT4 (Prop_lut4_I2_O)        0.124     6.582 r  FSM_onehot_state[4]_i_7/O
                         net (fo=2, routed)           0.815     7.397    FSM_onehot_state[4]_i_7_n_0
    SLICE_X1Y33          LUT6 (Prop_lut6_I3_O)        0.124     7.521 r  FSM_onehot_state[2]_i_2/O
                         net (fo=65, routed)          2.072     9.592    FSM_onehot_state[2]_i_1_n_0
    SLICE_X6Y25          LUT6 (Prop_lut6_I4_O)        0.124     9.716 r  reg_p[1]_i_1/O
                         net (fo=1, routed)           0.000     9.716    reg_p[1]_i_1_n_0
    SLICE_X6Y25          FDCE                                         r  reg_p_reg[1]/D
  -------------------------------------------------------------------    -------------------

                         (clock sys_clk_pin rise edge)
                                                      0.000     0.000 r  
    N15                                               0.000     0.000 r  clk (IN)
                         net (fo=0)                   0.000     0.000    clk
    N15                  IBUF (Prop_ibuf_I_O)         0.828     0.828 r  clk_IBUF_inst/O
                         net (fo=1, routed)           1.868     2.696    clk_IBUF
    BUFGCTRL_X0Y0        BUFG (Prop_bufg_I_O)         0.091     2.787 r  clk_IBUF_BUFG_inst/O
                         net (fo=109, routed)         1.500     4.288    clk_IBUF_BUFG
    SLICE_X6Y25          FDCE                                         r  reg_p_reg[1]/C

Slack:                    inf
  Source:                 m_req[a_i][2]
                            (input port)
  Destination:            reg_p_reg[9]/D
                            (rising edge-triggered cell FDCE clocked by sys_clk_pin  {rise@0.000ns fall@10.000ns period=20.000ns})
  Path Group:             (none)
  Path Type:              Setup (Max at Slow Process Corner)
  Data Path Delay:        9.697ns  (logic 1.452ns (14.979%)  route 8.244ns (85.021%))
  Logic Levels:           5  (IBUF=1 LUT4=1 LUT5=1 LUT6=2)
  Clock Path Skew:        4.293ns (DCD - SCD + CPR)
    Destination Clock Delay (DCD):    4.293ns
    Source Clock Delay      (SCD):    0.000ns
    Clock Pessimism Removal (CPR):    0.000ns
  Clock Uncertainty:      0.025ns  ((TSJ^2 + TIJ^2)^1/2 + DJ) / 2 + PE
    Total System Jitter     (TSJ):    0.050ns
    Total Input Jitter      (TIJ):    0.000ns
    Discrete Jitter          (DJ):    0.000ns
    Phase Error              (PE):    0.000ns

    Location             Delay type                Incr(ns)  Path(ns)    Netlist Resource(s)
  -------------------------------------------------------------------    -------------------
    R8                                                0.000     0.000 r  m_req[a_i][2] (IN)
                         net (fo=0)                   0.000     0.000    m_req[a_i][2]
    R8                   IBUF (Prop_ibuf_I_O)         0.956     0.956 r  reg_p_reg[34]_i_4/O
                         net (fo=4, routed)           4.443     5.400    reg_p_reg[34]_i_4_n_0
    SLICE_X2Y32          LUT5 (Prop_lut5_I2_O)        0.124     5.524 r  FSM_onehot_state[4]_i_16/O
                         net (fo=1, routed)           0.934     6.458    FSM_onehot_state[4]_i_16_n_0
    SLICE_X1Y34          LUT4 (Prop_lut4_I2_O)        0.124     6.582 r  FSM_onehot_state[4]_i_7/O
                         net (fo=2, routed)           0.815     7.397    FSM_onehot_state[4]_i_7_n_0
    SLICE_X1Y33          LUT6 (Prop_lut6_I3_O)        0.124     7.521 r  FSM_onehot_state[2]_i_2/O
                         net (fo=65, routed)          2.052     9.573    FSM_onehot_state[2]_i_1_n_0
    SLICE_X2Y27          LUT6 (Prop_lut6_I4_O)        0.124     9.697 r  reg_p[9]_i_1/O
                         net (fo=1, routed)           0.000     9.697    reg_p[9]_i_1_n_0
    SLICE_X2Y27          FDCE                                         r  reg_p_reg[9]/D
  -------------------------------------------------------------------    -------------------

                         (clock sys_clk_pin rise edge)
                                                      0.000     0.000 r  
    N15                                               0.000     0.000 r  clk (IN)
                         net (fo=0)                   0.000     0.000    clk
    N15                  IBUF (Prop_ibuf_I_O)         0.828     0.828 r  clk_IBUF_inst/O
                         net (fo=1, routed)           1.868     2.696    clk_IBUF
    BUFGCTRL_X0Y0        BUFG (Prop_bufg_I_O)         0.091     2.787 r  clk_IBUF_BUFG_inst/O
                         net (fo=109, routed)         1.505     4.293    clk_IBUF_BUFG
    SLICE_X2Y27          FDCE                                         r  reg_p_reg[9]/C

Slack:                    inf
  Source:                 m_req[a_i][2]
                            (input port)
  Destination:            reg_p_reg[2]/D
                            (rising edge-triggered cell FDCE clocked by sys_clk_pin  {rise@0.000ns fall@10.000ns period=20.000ns})
  Path Group:             (none)
  Path Type:              Setup (Max at Slow Process Corner)
  Data Path Delay:        9.642ns  (logic 1.452ns (15.064%)  route 8.190ns (84.936%))
  Logic Levels:           5  (IBUF=1 LUT4=1 LUT5=1 LUT6=2)
  Clock Path Skew:        4.288ns (DCD - SCD + CPR)
    Destination Clock Delay (DCD):    4.288ns
    Source Clock Delay      (SCD):    0.000ns
    Clock Pessimism Removal (CPR):    0.000ns
  Clock Uncertainty:      0.025ns  ((TSJ^2 + TIJ^2)^1/2 + DJ) / 2 + PE
    Total System Jitter     (TSJ):    0.050ns
    Total Input Jitter      (TIJ):    0.000ns
    Discrete Jitter          (DJ):    0.000ns
    Phase Error              (PE):    0.000ns

    Location             Delay type                Incr(ns)  Path(ns)    Netlist Resource(s)
  -------------------------------------------------------------------    -------------------
    R8                                                0.000     0.000 r  m_req[a_i][2] (IN)
                         net (fo=0)                   0.000     0.000    m_req[a_i][2]
    R8                   IBUF (Prop_ibuf_I_O)         0.956     0.956 r  reg_p_reg[34]_i_4/O
                         net (fo=4, routed)           4.443     5.400    reg_p_reg[34]_i_4_n_0
    SLICE_X2Y32          LUT5 (Prop_lut5_I2_O)        0.124     5.524 r  FSM_onehot_state[4]_i_16/O
                         net (fo=1, routed)           0.934     6.458    FSM_onehot_state[4]_i_16_n_0
    SLICE_X1Y34          LUT4 (Prop_lut4_I2_O)        0.124     6.582 r  FSM_onehot_state[4]_i_7/O
                         net (fo=2, routed)           0.815     7.397    FSM_onehot_state[4]_i_7_n_0
    SLICE_X1Y33          LUT6 (Prop_lut6_I3_O)        0.124     7.521 r  FSM_onehot_state[2]_i_2/O
                         net (fo=65, routed)          1.998     9.518    FSM_onehot_state[2]_i_1_n_0
    SLICE_X5Y25          LUT6 (Prop_lut6_I4_O)        0.124     9.642 r  reg_p[2]_i_1/O
                         net (fo=1, routed)           0.000     9.642    reg_p[2]_i_1_n_0
    SLICE_X5Y25          FDCE                                         r  reg_p_reg[2]/D
  -------------------------------------------------------------------    -------------------

                         (clock sys_clk_pin rise edge)
                                                      0.000     0.000 r  
    N15                                               0.000     0.000 r  clk (IN)
                         net (fo=0)                   0.000     0.000    clk
    N15                  IBUF (Prop_ibuf_I_O)         0.828     0.828 r  clk_IBUF_inst/O
                         net (fo=1, routed)           1.868     2.696    clk_IBUF
    BUFGCTRL_X0Y0        BUFG (Prop_bufg_I_O)         0.091     2.787 r  clk_IBUF_BUFG_inst/O
                         net (fo=109, routed)         1.500     4.288    clk_IBUF_BUFG
    SLICE_X5Y25          FDCE                                         r  reg_p_reg[2]/C

Slack:                    inf
  Source:                 m_req[a_i][2]
                            (input port)
  Destination:            reg_p_reg[8]/D
                            (rising edge-triggered cell FDCE clocked by sys_clk_pin  {rise@0.000ns fall@10.000ns period=20.000ns})
  Path Group:             (none)
  Path Type:              Setup (Max at Slow Process Corner)
  Data Path Delay:        9.613ns  (logic 1.452ns (15.109%)  route 8.161ns (84.891%))
  Logic Levels:           5  (IBUF=1 LUT4=1 LUT5=1 LUT6=2)
  Clock Path Skew:        4.290ns (DCD - SCD + CPR)
    Destination Clock Delay (DCD):    4.290ns
    Source Clock Delay      (SCD):    0.000ns
    Clock Pessimism Removal (CPR):    0.000ns
  Clock Uncertainty:      0.025ns  ((TSJ^2 + TIJ^2)^1/2 + DJ) / 2 + PE
    Total System Jitter     (TSJ):    0.050ns
    Total Input Jitter      (TIJ):    0.000ns
    Discrete Jitter          (DJ):    0.000ns
    Phase Error              (PE):    0.000ns

    Location             Delay type                Incr(ns)  Path(ns)    Netlist Resource(s)
  -------------------------------------------------------------------    -------------------
    R8                                                0.000     0.000 r  m_req[a_i][2] (IN)
                         net (fo=0)                   0.000     0.000    m_req[a_i][2]
    R8                   IBUF (Prop_ibuf_I_O)         0.956     0.956 r  reg_p_reg[34]_i_4/O
                         net (fo=4, routed)           4.443     5.400    reg_p_reg[34]_i_4_n_0
    SLICE_X2Y32          LUT5 (Prop_lut5_I2_O)        0.124     5.524 r  FSM_onehot_state[4]_i_16/O
                         net (fo=1, routed)           0.934     6.458    FSM_onehot_state[4]_i_16_n_0
    SLICE_X1Y34          LUT4 (Prop_lut4_I2_O)        0.124     6.582 r  FSM_onehot_state[4]_i_7/O
                         net (fo=2, routed)           0.815     7.397    FSM_onehot_state[4]_i_7_n_0
    SLICE_X1Y33          LUT6 (Prop_lut6_I3_O)        0.124     7.521 r  FSM_onehot_state[2]_i_2/O
                         net (fo=65, routed)          1.969     9.489    FSM_onehot_state[2]_i_1_n_0
    SLICE_X2Y25          LUT6 (Prop_lut6_I4_O)        0.124     9.613 r  reg_p[8]_i_1/O
                         net (fo=1, routed)           0.000     9.613    reg_p[8]_i_1_n_0
    SLICE_X2Y25          FDCE                                         r  reg_p_reg[8]/D
  -------------------------------------------------------------------    -------------------

                         (clock sys_clk_pin rise edge)
                                                      0.000     0.000 r  
    N15                                               0.000     0.000 r  clk (IN)
                         net (fo=0)                   0.000     0.000    clk
    N15                  IBUF (Prop_ibuf_I_O)         0.828     0.828 r  clk_IBUF_inst/O
                         net (fo=1, routed)           1.868     2.696    clk_IBUF
    BUFGCTRL_X0Y0        BUFG (Prop_bufg_I_O)         0.091     2.787 r  clk_IBUF_BUFG_inst/O
                         net (fo=109, routed)         1.502     4.290    clk_IBUF_BUFG
    SLICE_X2Y25          FDCE                                         r  reg_p_reg[8]/C





Min Delay Paths
--------------------------------------------------------------------------------------
Slack:                    inf
  Source:                 rst
                            (input port)
  Destination:            reg_b_reg[20]/CLR
                            (removal check against rising-edge clock sys_clk_pin  {rise@0.000ns fall@10.000ns period=20.000ns})
  Path Group:             (none)
  Path Type:              Removal (Min at Fast Process Corner)
  Data Path Delay:        0.661ns  (logic 0.185ns (27.909%)  route 0.477ns (72.091%))
  Logic Levels:           1  (IBUF=1)
  Clock Path Skew:        1.957ns (DCD - SCD - CPR)
    Destination Clock Delay (DCD):    1.957ns
    Source Clock Delay      (SCD):    0.000ns
    Clock Pessimism Removal (CPR):    -0.000ns

    Location             Delay type                Incr(ns)  Path(ns)    Netlist Resource(s)
  -------------------------------------------------------------------    -------------------
    L13                                               0.000     0.000 f  rst (IN)
                         net (fo=0)                   0.000     0.000    rst
    L13                  IBUF (Prop_ibuf_I_O)         0.185     0.185 f  rst_IBUF_inst/O
                         net (fo=109, routed)         0.477     0.661    rst_IBUF
    SLICE_X4Y37          FDCE                                         f  reg_b_reg[20]/CLR
  -------------------------------------------------------------------    -------------------

                         (clock sys_clk_pin rise edge)
                                                      0.000     0.000 r  
    N15                                               0.000     0.000 r  clk (IN)
                         net (fo=0)                   0.000     0.000    clk
    N15                  IBUF (Prop_ibuf_I_O)         0.380     0.380 r  clk_IBUF_inst/O
                         net (fo=1, routed)           0.689     1.068    clk_IBUF
    BUFGCTRL_X0Y0        BUFG (Prop_bufg_I_O)         0.029     1.097 r  clk_IBUF_BUFG_inst/O
                         net (fo=109, routed)         0.860     1.957    clk_IBUF_BUFG
    SLICE_X4Y37          FDCE                                         r  reg_b_reg[20]/C

Slack:                    inf
  Source:                 rst
                            (input port)
  Destination:            reg_b_reg[21]/CLR
                            (removal check against rising-edge clock sys_clk_pin  {rise@0.000ns fall@10.000ns period=20.000ns})
  Path Group:             (none)
  Path Type:              Removal (Min at Fast Process Corner)
  Data Path Delay:        0.661ns  (logic 0.185ns (27.909%)  route 0.477ns (72.091%))
  Logic Levels:           1  (IBUF=1)
  Clock Path Skew:        1.957ns (DCD - SCD - CPR)
    Destination Clock Delay (DCD):    1.957ns
    Source Clock Delay      (SCD):    0.000ns
    Clock Pessimism Removal (CPR):    -0.000ns

    Location             Delay type                Incr(ns)  Path(ns)    Netlist Resource(s)
  -------------------------------------------------------------------    -------------------
    L13                                               0.000     0.000 f  rst (IN)
                         net (fo=0)                   0.000     0.000    rst
    L13                  IBUF (Prop_ibuf_I_O)         0.185     0.185 f  rst_IBUF_inst/O
                         net (fo=109, routed)         0.477     0.661    rst_IBUF
    SLICE_X4Y37          FDCE                                         f  reg_b_reg[21]/CLR
  -------------------------------------------------------------------    -------------------

                         (clock sys_clk_pin rise edge)
                                                      0.000     0.000 r  
    N15                                               0.000     0.000 r  clk (IN)
                         net (fo=0)                   0.000     0.000    clk
    N15                  IBUF (Prop_ibuf_I_O)         0.380     0.380 r  clk_IBUF_inst/O
                         net (fo=1, routed)           0.689     1.068    clk_IBUF
    BUFGCTRL_X0Y0        BUFG (Prop_bufg_I_O)         0.029     1.097 r  clk_IBUF_BUFG_inst/O
                         net (fo=109, routed)         0.860     1.957    clk_IBUF_BUFG
    SLICE_X4Y37          FDCE                                         r  reg_b_reg[21]/C

Slack:                    inf
  Source:                 rst
                            (input port)
  Destination:            reg_b_reg[22]/CLR
                            (removal check against rising-edge clock sys_clk_pin  {rise@0.000ns fall@10.000ns period=20.000ns})
  Path Group:             (none)
  Path Type:              Removal (Min at Fast Process Corner)
  Data Path Delay:        0.661ns  (logic 0.185ns (27.909%)  route 0.477ns (72.091%))
  Logic Levels:           1  (IBUF=1)
  Clock Path Skew:        1.957ns (DCD - SCD - CPR)
    Destination Clock Delay (DCD):    1.957ns
    Source Clock Delay      (SCD):    0.000ns
    Clock Pessimism Removal (CPR):    -0.000ns

    Location             Delay type                Incr(ns)  Path(ns)    Netlist Resource(s)
  -------------------------------------------------------------------    -------------------
    L13                                               0.000     0.000 f  rst (IN)
                         net (fo=0)                   0.000     0.000    rst
    L13                  IBUF (Prop_ibuf_I_O)         0.185     0.185 f  rst_IBUF_inst/O
                         net (fo=109, routed)         0.477     0.661    rst_IBUF
    SLICE_X4Y37          FDCE                                         f  reg_b_reg[22]/CLR
  -------------------------------------------------------------------    -------------------

                         (clock sys_clk_pin rise edge)
                                                      0.000     0.000 r  
    N15                                               0.000     0.000 r  clk (IN)
                         net (fo=0)                   0.000     0.000    clk
    N15                  IBUF (Prop_ibuf_I_O)         0.380     0.380 r  clk_IBUF_inst/O
                         net (fo=1, routed)           0.689     1.068    clk_IBUF
    BUFGCTRL_X0Y0        BUFG (Prop_bufg_I_O)         0.029     1.097 r  clk_IBUF_BUFG_inst/O
                         net (fo=109, routed)         0.860     1.957    clk_IBUF_BUFG
    SLICE_X4Y37          FDCE                                         r  reg_b_reg[22]/C

Slack:                    inf
  Source:                 rst
                            (input port)
  Destination:            reg_b_reg[23]/CLR
                            (removal check against rising-edge clock sys_clk_pin  {rise@0.000ns fall@10.000ns period=20.000ns})
  Path Group:             (none)
  Path Type:              Removal (Min at Fast Process Corner)
  Data Path Delay:        0.661ns  (logic 0.185ns (27.909%)  route 0.477ns (72.091%))
  Logic Levels:           1  (IBUF=1)
  Clock Path Skew:        1.957ns (DCD - SCD - CPR)
    Destination Clock Delay (DCD):    1.957ns
    Source Clock Delay      (SCD):    0.000ns
    Clock Pessimism Removal (CPR):    -0.000ns

    Location             Delay type                Incr(ns)  Path(ns)    Netlist Resource(s)
  -------------------------------------------------------------------    -------------------
    L13                                               0.000     0.000 f  rst (IN)
                         net (fo=0)                   0.000     0.000    rst
    L13                  IBUF (Prop_ibuf_I_O)         0.185     0.185 f  rst_IBUF_inst/O
                         net (fo=109, routed)         0.477     0.661    rst_IBUF
    SLICE_X4Y37          FDCE                                         f  reg_b_reg[23]/CLR
  -------------------------------------------------------------------    -------------------

                         (clock sys_clk_pin rise edge)
                                                      0.000     0.000 r  
    N15                                               0.000     0.000 r  clk (IN)
                         net (fo=0)                   0.000     0.000    clk
    N15                  IBUF (Prop_ibuf_I_O)         0.380     0.380 r  clk_IBUF_inst/O
                         net (fo=1, routed)           0.689     1.068    clk_IBUF
    BUFGCTRL_X0Y0        BUFG (Prop_bufg_I_O)         0.029     1.097 r  clk_IBUF_BUFG_inst/O
                         net (fo=109, routed)         0.860     1.957    clk_IBUF_BUFG
    SLICE_X4Y37          FDCE                                         r  reg_b_reg[23]/C

Slack:                    inf
  Source:                 rst
                            (input port)
  Destination:            reg_b_reg[16]/CLR
                            (removal check against rising-edge clock sys_clk_pin  {rise@0.000ns fall@10.000ns period=20.000ns})
  Path Group:             (none)
  Path Type:              Removal (Min at Fast Process Corner)
  Data Path Delay:        0.724ns  (logic 0.185ns (25.491%)  route 0.540ns (74.509%))
  Logic Levels:           1  (IBUF=1)
  Clock Path Skew:        1.956ns (DCD - SCD - CPR)
    Destination Clock Delay (DCD):    1.956ns
    Source Clock Delay      (SCD):    0.000ns
    Clock Pessimism Removal (CPR):    -0.000ns

    Location             Delay type                Incr(ns)  Path(ns)    Netlist Resource(s)
  -------------------------------------------------------------------    -------------------
    L13                                               0.000     0.000 f  rst (IN)
                         net (fo=0)                   0.000     0.000    rst
    L13                  IBUF (Prop_ibuf_I_O)         0.185     0.185 f  rst_IBUF_inst/O
                         net (fo=109, routed)         0.540     0.724    rst_IBUF
    SLICE_X4Y36          FDCE                                         f  reg_b_reg[16]/CLR
  -------------------------------------------------------------------    -------------------

                         (clock sys_clk_pin rise edge)
                                                      0.000     0.000 r  
    N15                                               0.000     0.000 r  clk (IN)
                         net (fo=0)                   0.000     0.000    clk
    N15                  IBUF (Prop_ibuf_I_O)         0.380     0.380 r  clk_IBUF_inst/O
                         net (fo=1, routed)           0.689     1.068    clk_IBUF
    BUFGCTRL_X0Y0        BUFG (Prop_bufg_I_O)         0.029     1.097 r  clk_IBUF_BUFG_inst/O
                         net (fo=109, routed)         0.859     1.956    clk_IBUF_BUFG
    SLICE_X4Y36          FDCE                                         r  reg_b_reg[16]/C

Slack:                    inf
  Source:                 rst
                            (input port)
  Destination:            reg_b_reg[17]/CLR
                            (removal check against rising-edge clock sys_clk_pin  {rise@0.000ns fall@10.000ns period=20.000ns})
  Path Group:             (none)
  Path Type:              Removal (Min at Fast Process Corner)
  Data Path Delay:        0.724ns  (logic 0.185ns (25.491%)  route 0.540ns (74.509%))
  Logic Levels:           1  (IBUF=1)
  Clock Path Skew:        1.956ns (DCD - SCD - CPR)
    Destination Clock Delay (DCD):    1.956ns
    Source Clock Delay      (SCD):    0.000ns
    Clock Pessimism Removal (CPR):    -0.000ns

    Location             Delay type                Incr(ns)  Path(ns)    Netlist Resource(s)
  -------------------------------------------------------------------    -------------------
    L13                                               0.000     0.000 f  rst (IN)
                         net (fo=0)                   0.000     0.000    rst
    L13                  IBUF (Prop_ibuf_I_O)         0.185     0.185 f  rst_IBUF_inst/O
                         net (fo=109, routed)         0.540     0.724    rst_IBUF
    SLICE_X4Y36          FDCE                                         f  reg_b_reg[17]/CLR
  -------------------------------------------------------------------    -------------------

                         (clock sys_clk_pin rise edge)
                                                      0.000     0.000 r  
    N15                                               0.000     0.000 r  clk (IN)
                         net (fo=0)                   0.000     0.000    clk
    N15                  IBUF (Prop_ibuf_I_O)         0.380     0.380 r  clk_IBUF_inst/O
                         net (fo=1, routed)           0.689     1.068    clk_IBUF
    BUFGCTRL_X0Y0        BUFG (Prop_bufg_I_O)         0.029     1.097 r  clk_IBUF_BUFG_inst/O
                         net (fo=109, routed)         0.859     1.956    clk_IBUF_BUFG
    SLICE_X4Y36          FDCE                                         r  reg_b_reg[17]/C

Slack:                    inf
  Source:                 rst
                            (input port)
  Destination:            reg_b_reg[18]/CLR
                            (removal check against rising-edge clock sys_clk_pin  {rise@0.000ns fall@10.000ns period=20.000ns})
  Path Group:             (none)
  Path Type:              Removal (Min at Fast Process Corner)
  Data Path Delay:        0.724ns  (logic 0.185ns (25.491%)  route 0.540ns (74.509%))
  Logic Levels:           1  (IBUF=1)
  Clock Path Skew:        1.956ns (DCD - SCD - CPR)
    Destination Clock Delay (DCD):    1.956ns
    Source Clock Delay      (SCD):    0.000ns
    Clock Pessimism Removal (CPR):    -0.000ns

    Location             Delay type                Incr(ns)  Path(ns)    Netlist Resource(s)
  -------------------------------------------------------------------    -------------------
    L13                                               0.000     0.000 f  rst (IN)
                         net (fo=0)                   0.000     0.000    rst
    L13                  IBUF (Prop_ibuf_I_O)         0.185     0.185 f  rst_IBUF_inst/O
                         net (fo=109, routed)         0.540     0.724    rst_IBUF
    SLICE_X4Y36          FDCE                                         f  reg_b_reg[18]/CLR
  -------------------------------------------------------------------    -------------------

                         (clock sys_clk_pin rise edge)
                                                      0.000     0.000 r  
    N15                                               0.000     0.000 r  clk (IN)
                         net (fo=0)                   0.000     0.000    clk
    N15                  IBUF (Prop_ibuf_I_O)         0.380     0.380 r  clk_IBUF_inst/O
                         net (fo=1, routed)           0.689     1.068    clk_IBUF
    BUFGCTRL_X0Y0        BUFG (Prop_bufg_I_O)         0.029     1.097 r  clk_IBUF_BUFG_inst/O
                         net (fo=109, routed)         0.859     1.956    clk_IBUF_BUFG
    SLICE_X4Y36          FDCE                                         r  reg_b_reg[18]/C

Slack:                    inf
  Source:                 rst
                            (input port)
  Destination:            reg_b_reg[19]/CLR
                            (removal check against rising-edge clock sys_clk_pin  {rise@0.000ns fall@10.000ns period=20.000ns})
  Path Group:             (none)
  Path Type:              Removal (Min at Fast Process Corner)
  Data Path Delay:        0.724ns  (logic 0.185ns (25.491%)  route 0.540ns (74.509%))
  Logic Levels:           1  (IBUF=1)
  Clock Path Skew:        1.956ns (DCD - SCD - CPR)
    Destination Clock Delay (DCD):    1.956ns
    Source Clock Delay      (SCD):    0.000ns
    Clock Pessimism Removal (CPR):    -0.000ns

    Location             Delay type                Incr(ns)  Path(ns)    Netlist Resource(s)
  -------------------------------------------------------------------    -------------------
    L13                                               0.000     0.000 f  rst (IN)
                         net (fo=0)                   0.000     0.000    rst
    L13                  IBUF (Prop_ibuf_I_O)         0.185     0.185 f  rst_IBUF_inst/O
                         net (fo=109, routed)         0.540     0.724    rst_IBUF
    SLICE_X4Y36          FDCE                                         f  reg_b_reg[19]/CLR
  -------------------------------------------------------------------    -------------------

                         (clock sys_clk_pin rise edge)
                                                      0.000     0.000 r  
    N15                                               0.000     0.000 r  clk (IN)
                         net (fo=0)                   0.000     0.000    clk
    N15                  IBUF (Prop_ibuf_I_O)         0.380     0.380 r  clk_IBUF_inst/O
                         net (fo=1, routed)           0.689     1.068    clk_IBUF
    BUFGCTRL_X0Y0        BUFG (Prop_bufg_I_O)         0.029     1.097 r  clk_IBUF_BUFG_inst/O
                         net (fo=109, routed)         0.859     1.956    clk_IBUF_BUFG
    SLICE_X4Y36          FDCE                                         r  reg_b_reg[19]/C

Slack:                    inf
  Source:                 rst
                            (input port)
  Destination:            sign_q_reg/D
                            (rising edge-triggered cell FDRE clocked by sys_clk_pin  {rise@0.000ns fall@10.000ns period=20.000ns})
  Path Group:             (none)
  Path Type:              Hold (Min at Fast Process Corner)
  Data Path Delay:        0.728ns  (logic 0.230ns (31.541%)  route 0.498ns (68.459%))
  Logic Levels:           2  (IBUF=1 LUT5=1)
  Clock Path Skew:        1.954ns (DCD - SCD - CPR)
    Destination Clock Delay (DCD):    1.954ns
    Source Clock Delay      (SCD):    0.000ns
    Clock Pessimism Removal (CPR):    -0.000ns

    Location             Delay type                Incr(ns)  Path(ns)    Netlist Resource(s)
  -------------------------------------------------------------------    -------------------
    L13                                               0.000     0.000 r  rst (IN)
                         net (fo=0)                   0.000     0.000    rst
    L13                  IBUF (Prop_ibuf_I_O)         0.185     0.185 r  rst_IBUF_inst/O
                         net (fo=109, routed)         0.498     0.683    rst_IBUF
    SLICE_X2Y31          LUT5 (Prop_lut5_I3_O)        0.045     0.728 r  sign_q_i_1/O
                         net (fo=1, routed)           0.000     0.728    sign_q_i_1_n_0
    SLICE_X2Y31          FDRE                                         r  sign_q_reg/D
  -------------------------------------------------------------------    -------------------

                         (clock sys_clk_pin rise edge)
                                                      0.000     0.000 r  
    N15                                               0.000     0.000 r  clk (IN)
                         net (fo=0)                   0.000     0.000    clk
    N15                  IBUF (Prop_ibuf_I_O)         0.380     0.380 r  clk_IBUF_inst/O
                         net (fo=1, routed)           0.689     1.068    clk_IBUF
    BUFGCTRL_X0Y0        BUFG (Prop_bufg_I_O)         0.029     1.097 r  clk_IBUF_BUFG_inst/O
                         net (fo=109, routed)         0.857     1.954    clk_IBUF_BUFG
    SLICE_X2Y31          FDRE                                         r  sign_q_reg/C

Slack:                    inf
  Source:                 m_req[op][1]
                            (input port)
  Destination:            reg_b_reg[17]/D
                            (rising edge-triggered cell FDCE clocked by sys_clk_pin  {rise@0.000ns fall@10.000ns period=20.000ns})
  Path Group:             (none)
  Path Type:              Hold (Min at Fast Process Corner)
  Data Path Delay:        0.730ns  (logic 0.313ns (42.947%)  route 0.416ns (57.053%))
  Logic Levels:           3  (CARRY4=1 IBUF=1 LUT5=1)
  Clock Path Skew:        1.956ns (DCD - SCD - CPR)
    Destination Clock Delay (DCD):    1.956ns
    Source Clock Delay      (SCD):    0.000ns
    Clock Pessimism Removal (CPR):    -0.000ns

    Location             Delay type                Incr(ns)  Path(ns)    Netlist Resource(s)
  -------------------------------------------------------------------    -------------------
    R18                                               0.000     0.000 r  m_req[op][1] (IN)
                         net (fo=0)                   0.000     0.000    m_req[op][1]
    R18                  IBUF (Prop_ibuf_I_O)         0.203     0.203 r  result_OBUF[31]_inst_i_2/O
                         net (fo=67, routed)          0.416     0.620    result_OBUF[31]_inst_i_2_n_0
    SLICE_X4Y36          LUT5 (Prop_lut5_I1_O)        0.045     0.665 r  reg_b[19]_i_4/O
                         net (fo=1, routed)           0.000     0.665    reg_b[19]_i_4_n_0
    SLICE_X4Y36          CARRY4 (Prop_carry4_S[1]_O[1])
                                                      0.065     0.730 r  reg_b_reg[19]_i_1/O[1]
                         net (fo=1, routed)           0.000     0.730    reg_b_reg[19]_i_1_n_6
    SLICE_X4Y36          FDCE                                         r  reg_b_reg[17]/D
  -------------------------------------------------------------------    -------------------

                         (clock sys_clk_pin rise edge)
                                                      0.000     0.000 r  
    N15                                               0.000     0.000 r  clk (IN)
                         net (fo=0)                   0.000     0.000    clk
    N15                  IBUF (Prop_ibuf_I_O)         0.380     0.380 r  clk_IBUF_inst/O
                         net (fo=1, routed)           0.689     1.068    clk_IBUF
    BUFGCTRL_X0Y0        BUFG (Prop_bufg_I_O)         0.029     1.097 r  clk_IBUF_BUFG_inst/O
                         net (fo=109, routed)         0.859     1.956    clk_IBUF_BUFG
    SLICE_X4Y36          FDCE                                         r  reg_b_reg[17]/C





